FIPS,lat,lon,population,has_port,county_name,county_full,state_abbr
01001,32.534921652352594,-86.64274304018787,55390.0,0.0,Autauga,Autauga County,AL
01003,30.72748439138801,-87.72257008979236,212521.0,1.0,Baldwin,Baldwin County,AL
01005,31.869579206090044,-85.39321162476419,25157.0,0.0,Barbour,Barbour County,AL
01007,32.99862340481399,-87.12647707080714,22550.0,0.0,Bibb,Bibb County,AL
01009,33.98086948281589,-86.56737928075054,57787.0,0.0,Blount,Blount County,AL
01011,32.1005253489399,-85.7156788747988,10176.0,0.0,Bullock,Bullock County,AL
01013,31.75244145471831,-86.68029177267778,19888.0,0.0,Butler,Butler County,AL
01015,33.77141932580361,-85.82604969111367,114710.0,0.0,Calhoun,Calhoun County,AL
01017,32.914346656024,-85.39202904125534,33707.0,0.0,Chambers,Chambers County,AL
01019,34.175904299141514,-85.60380299991836,25805.0,0.0,Cherokee,Cherokee County,AL
01021,32.84786373044761,-86.71879906457394,44120.0,0.0,Chilton,Chilton County,AL
01023,32.01977244964056,-88.26317883562955,12925.0,0.0,Choctaw,Choctaw County,AL
01025,31.67667618717362,-87.830808942992,24063.0,0.0,Clarke,Clarke County,AL
01027,33.269023965855894,-85.8605793315608,13350.0,0.0,Clay,Clay County,AL
01029,33.67451865132486,-85.51881715718169,14899.0,0.0,Cleburne,Cleburne County,AL
01031,31.40264740391358,-85.98815338764315,51853.0,0.0,Coffee,Coffee County,AL
01033,34.70046996726537,-87.80492648275538,54695.0,0.0,Colbert,Colbert County,AL
01035,31.429231685149546,-86.99366638311531,12431.0,0.0,Conecuh,Conecuh County,AL
01037,32.936243365290345,-86.24765277515161,10724.0,0.0,Coosa,Coosa County,AL
01039,31.24849105243001,-86.4512660300256,37062.0,0.0,Covington,Covington County,AL
01041,31.73152345923044,-86.313549577015,13858.0,0.0,Crenshaw,Crenshaw County,AL
01043,34.13194105724024,-86.86757816123554,82867.0,0.0,Cullman,Cullman County,AL
01045,31.43180989023874,-85.61100423391827,49342.0,0.0,Dale,Dale County,AL
01047,32.32597438516914,-87.10647388060266,39238.0,0.0,Dallas,Dallas County,AL
01049,34.45980124520456,-85.80410866479755,71437.0,0.0,DeKalb,DeKalb County,AL
01051,32.59664710230312,-86.14915945283003,81422.0,0.0,Elmore,Elmore County,AL
01053,31.126135970434053,-87.16157884273171,36993.0,0.0,Escambia,Escambia County,AL
01055,34.04525561476319,-86.03476618584548,103007.0,0.0,Etowah,Etowah County,AL
01057,33.721222945675976,-87.738858543621,16466.0,0.0,Fayette,Fayette County,AL
01059,34.44169229734741,-87.84373462807847,31542.0,0.0,Franklin,Franklin County,AL
01061,31.095053374161,-85.8390868079536,26385.0,0.0,Geneva,Geneva County,AL
01063,32.853128384848986,-87.95222396779499,8310.0,0.0,Greene,Greene County,AL
01065,32.76266208369325,-87.62914672030601,14801.0,0.0,Hale,Hale County,AL
01067,31.51470413351185,-85.24141391152901,17115.0,0.0,Henry,Henry County,AL
01069,31.15319998941892,-85.30247388015994,104378.0,0.0,Houston,Houston County,AL
01071,34.77945409294396,-85.99935449892834,51828.0,0.0,Jackson,Jackson County,AL
01073,33.5543126332818,-86.89649192650373,659599.0,0.0,Jefferson,Jefferson County,AL
01075,33.779135388691884,-88.09695812677022,13882.0,0.0,Lamar,Lamar County,AL
01077,34.90140673949372,-87.65400977998507,92564.0,0.0,Lauderdale,Lauderdale County,AL
01079,34.52167746484884,-87.31098919209974,33063.0,0.0,Lawrence,Lawrence County,AL
01081,32.60114594424426,-85.35547099113766,161440.0,0.0,Lee,Lee County,AL
01083,34.810101059151265,-86.98140701479247,94130.0,0.0,Limestone,Limestone County,AL
01085,32.154745547795066,-86.65010769378154,10097.0,0.0,Lowndes,Lowndes County,AL
01087,32.38594741615743,-85.69262932638924,18793.0,0.0,Macon,Macon County,AL
01089,34.76309083571624,-86.5502256802819,361762.0,0.0,Madison,Madison County,AL
01091,32.24766404027787,-87.78953756982243,19396.0,0.0,Marengo,Marengo County,AL
01093,34.136554435074586,-87.88713484152366,29792.0,0.0,Marion,Marion County,AL
01095,34.36695080811192,-86.30662894202665,95572.0,1.0,Marshall,Marshall County,AL
01097,30.787207150706543,-88.2058085270646,414045.0,1.0,Mobile,Mobile County,AL
01099,31.57088025658812,-87.3654296806536,21290.0,0.0,Monroe,Monroe County,AL
01101,32.22026543575755,-86.20761760138454,227265.0,0.0,Montgomery,Montgomery County,AL
01103,34.45346806610356,-86.8529243872532,118918.0,0.0,Morgan,Morgan County,AL
01105,32.63845729015056,-87.29440935011183,9302.0,0.0,Perry,Perry County,AL
01107,33.280794637264655,-88.08875112558103,20204.0,0.0,Pickens,Pickens County,AL
01109,31.80272370009659,-85.94092204742414,33349.0,0.0,Pike,Pike County,AL
01111,33.29378571730235,-85.4591280407104,22687.0,0.0,Randolph,Randolph County,AL
01113,32.28839175533961,-85.18489827208033,56985.0,0.0,Russell,Russell County,AL
01115,33.71569294739784,-86.31470418554277,87926.0,0.0,St. Clair,St. Clair County,AL
01117,33.26427787820399,-86.66066574556473,213633.0,0.0,Shelby,Shelby County,AL
01119,32.59105719711675,-88.1988471449215,12749.0,0.0,Sumter,Sumter County,AL
01121,33.38008280550602,-86.1658847710552,80142.0,0.0,Talladega,Talladega County,AL
01123,32.86237745687607,-85.7974984352169,40613.0,0.0,Tallapoosa,Tallapoosa County,AL
01125,33.289555289283825,-87.52512643871252,207618.0,0.0,Tuscaloosa,Tuscaloosa County,AL
01127,33.80331786402135,-87.29733883241369,63895.0,0.0,Walker,Walker County,AL
01129,31.40762872841561,-88.20785716285518,16522.0,0.0,Washington,Washington County,AL
01131,31.989307322366745,-87.30822050332775,10691.0,0.0,Wilcox,Wilcox County,AL
01133,34.149206575677375,-87.37365257252553,23760.0,0.0,Winston,Winston County,AL
02013,55.36650711992819,-161.98133032549697,3455.0,0.0,Aleutians East,Aleutians East Borough,AK
02016,52.79799631623509,-174.60605997103596,5729.0,1.0,Aleutians West,Aleutians West Census Area,AK
00nan,,,,,,,
02050,60.91323024932508,-159.81802272616733,18090.0,0.0,Bethel,Bethel Census Area,AK
02060,58.743863607996126,-156.69997745651227,869.0,0.0,Bristol Bay,Bristol Bay Borough,AK
00nan,,,,,,,
02070,59.79906755324976,-158.23508642103135,4940.0,0.0,Dillingham,Dillingham Census Area,AK
02090,64.80776532035297,-146.56541128475246,99675.0,0.0,Fairbanks North Star,Fairbanks North Star Borough,AK
02100,59.113319993885845,-135.48850444418622,2524.0,0.0,Haines,Haines Borough,AK
00nan,,,,,,,
00nan,,,,,,,
02122,60.26541331936532,-151.56524389651278,58558.0,1.0,Kenai Peninsula,Kenai Peninsula Borough,AK
02130,55.585325882448615,-130.9287754632647,13834.0,0.0,Ketchikan Gateway,Ketchikan Gateway Borough,AK
02150,57.67704281042168,-153.78058228768373,13512.0,0.0,Kodiak Island,Kodiak Island Borough,AK
00nan,,,,,,,
02164,58.65291903396731,-156.18684615195443,1612.0,0.0,Lake and Peninsula,Lake and Peninsula Borough,AK
02170,62.31621943573538,-149.57141590997438,106232.0,1.0,Matanuska-Susitna,Matanuska-Susitna Borough,AK
02180,64.91109214261596,-164.027211679142,10025.0,0.0,Nome,Nome Census Area,AK
02185,69.31216023974373,-153.4815798937522,9795.0,0.0,North Slope,North Slope Borough,AK
02188,67.05300866513774,-159.7210157747913,7795.0,0.0,Northwest Arctic,Northwest Arctic Borough,AK
00nan,,,,,,,
00nan,,,,,,,
00nan,,,,,,,
00nan,,,,,,,
02240,63.87633682848576,-143.21239361032318,6892.0,0.0,Southeast Fairbanks,Southeast Fairbanks Census Area,AK
02261,61.56195424275878,-144.46862429044128,9220.0,1.0,Valdez-Cordova,Valdez-Cordova Census Area,AK
00nan,,,,,,,
00nan,,,,,,,
02290,65.5086506194501,-151.38960347431498,5409.0,0.0,Yukon-Koyukuk,Yukon-Koyukuk Census Area,AK
04001,35.395525718457435,-109.488821747717,71545.0,0.0,Apache,Apache County,AZ
04003,31.87960857270885,-109.7511658610515,124864.0,0.0,Cochise,Cochise County,AZ
04005,35.83873697837796,-111.77050271874988,141001.0,0.0,Coconino,Coconino County,AZ
04007,33.79974714225314,-110.8117062361224,53578.0,0.0,Gila,Gila County,AZ
04009,32.932699131414594,-109.8874013067918,37481.0,0.0,Graham,Graham County,AZ
04011,33.215217756992296,-109.24013732358452,9443.0,0.0,Greenlee,Greenlee County,AZ
04012,33.72924444806844,-113.98132370995285,20706.0,0.0,La Paz,La Paz County,AZ
04013,33.34881200300939,-112.49129971663798,4327184.0,0.0,Maricopa,Maricopa County,AZ
04015,35.704097063445936,-113.75795436760528,207017.0,0.0,Mohave,Mohave County,AZ
04017,35.39965756573546,-110.32140053314382,109079.0,0.0,Navajo,Navajo County,AZ
04019,32.0974214694924,-111.78989224547976,1026391.0,0.0,Pima,Pima County,AZ
04021,32.90439096544857,-111.34466967431788,431564.0,0.0,Pinal,Pinal County,AZ
04023,31.52602739859321,-110.84656875373256,46566.0,0.0,Santa Cruz,Santa Cruz County,AZ
04025,34.59989747343695,-112.5539014533639,228082.0,0.0,Yavapai,Yavapai County,AZ
04027,32.76937661147408,-113.90555555734544,209507.0,0.0,Yuma,Yuma County,AZ
05001,34.29080400085844,-91.37491121314127,17872.0,1.0,Arkansas,Arkansas County,AR
05003,33.19121111799066,-91.76845808205547,20311.0,0.0,Ashley,Ashley County,AR
05005,36.28720840429381,-92.33695011949514,41308.0,0.0,Baxter,Baxter County,AR
05007,36.33872372134672,-94.25619858624694,266585.0,0.0,Benton,Benton County,AR
05009,36.30859145785185,-93.09153326935348,37459.0,0.0,Boone,Boone County,AR
05011,33.46642273561305,-92.16239023925878,10813.0,0.0,Bradley,Bradley County,AR
05013,33.5580308846838,-92.5030439024256,5201.0,0.0,Calhoun,Calhoun County,AR
05015,36.341018495283095,-93.53823949396252,27865.0,0.0,Carroll,Carroll County,AR
05017,33.26720942636854,-91.29397815979172,10647.0,1.0,Chicot,Chicot County,AR
05019,34.05097570817367,-93.17637070461257,22184.0,0.0,Clark,Clark County,AR
05021,36.368263485568825,-90.41754931876928,14865.0,0.0,Clay,Clay County,AR
05023,35.53810466672685,-92.0267267211177,25059.0,0.0,Cleburne,Cleburne County,AR
05025,33.8983681172367,-92.18518422039108,8162.0,0.0,Cleveland,Cleveland County,AR
05027,33.21429832104757,-93.22731371345826,23695.0,0.0,Columbia,Columbia County,AR
05029,35.26223625137236,-92.70129797080916,20810.0,0.0,Conway,Conway County,AR
05031,35.83078964783506,-90.63282816277082,107188.0,0.0,Craighead,Craighead County,AR
05033,35.5890857750253,-94.24282108237418,62894.0,0.0,Crawford,Crawford County,AR
05035,35.20794251115488,-90.30883791789137,48716.0,1.0,Crittenden,Crittenden County,AR
05037,35.295709387980295,-90.77121623628938,16792.0,0.0,Cross,Cross County,AR
05039,33.969810963911144,-92.65444501123676,7307.0,0.0,Dallas,Dallas County,AR
05041,33.83330038994017,-91.25396892634754,11743.0,1.0,Desha,Desha County,AR
05043,33.58944887552063,-91.7199960434713,18370.0,0.0,Drew,Drew County,AR
05045,35.14698339967529,-92.33204457065835,123530.0,0.0,Faulkner,Faulkner County,AR
05047,35.51232030901552,-93.89063697782532,17809.0,0.0,Franklin,Franklin County,AR
05049,36.38165736127055,-91.81822565827444,12131.0,0.0,Fulton,Fulton County,AR
05051,34.57666758132133,-93.15041042423184,98327.0,0.0,Garland,Garland County,AR
05053,34.28999814444333,-92.42361061806416,18103.0,0.0,Grant,Grant County,AR
05055,36.1175667048293,-90.558976661361,44993.0,0.0,Greene,Greene County,AR
05057,33.73532157025635,-93.668474624529,21876.0,0.0,Hempstead,Hempstead County,AR
05059,34.31762299721407,-92.94594786814407,33606.0,0.0,Hot Spring,Hot Spring County,AR
05061,34.08890923659423,-93.99356902061024,13365.0,0.0,Howard,Howard County,AR
05063,35.741573235200924,-91.56970808435992,37391.0,0.0,Independence,Independence County,AR
05065,36.09487012705862,-91.91340542348122,13666.0,0.0,Izard,Izard County,AR
05067,35.59922955405137,-91.21457028926504,17017.0,0.0,Jackson,Jackson County,AR
05069,34.268786665138926,-91.93151493041393,69238.0,0.0,Jefferson,Jefferson County,AR
05071,35.5700661056719,-93.45989601853802,26401.0,0.0,Johnson,Johnson County,AR
05073,33.240945452050994,-93.60705581089564,6797.0,0.0,Lafayette,Lafayette County,AR
05075,36.0412279954661,-91.10709645053116,16571.0,0.0,Lawrence,Lawrence County,AR
05077,34.7806492180133,-90.78212174308766,9127.0,1.0,Lee,Lee County,AR
05079,33.95744904396039,-91.73332986155596,13475.0,0.0,Lincoln,Lincoln County,AR
05081,33.70051033324422,-94.2343459506523,12373.0,0.0,Little River,Little River County,AR
05083,35.215271842246096,-93.71632454954536,21739.0,0.0,Logan,Logan County,AR
05085,34.754269790268346,-91.88867026481664,72778.0,0.0,Lonoke,Lonoke County,AR
05087,36.010953756525545,-93.7245521108092,16299.0,0.0,Madison,Madison County,AR
05089,36.26838614303282,-92.6842248274692,16429.0,0.0,Marion,Marion County,AR
05091,33.31209127245584,-93.89155288398275,43736.0,0.0,Miller,Miller County,AR
05093,35.76383359723019,-90.05420095067473,42112.0,1.0,Mississippi,Mississippi County,AR
05095,34.67783166747952,-91.20389207971984,7013.0,1.0,Monroe,Monroe County,AR
05097,34.53881078042222,-93.65952869115624,8890.0,0.0,Montgomery,Montgomery County,AR
05099,33.66396670078676,-93.30719809905852,8309.0,0.0,Nevada,Nevada County,AR
05101,35.91997058267492,-93.21786835122316,7815.0,0.0,Newton,Newton County,AR
05103,33.593349653047014,-92.88194326412189,23817.0,0.0,Ouachita,Ouachita County,AR
05105,34.94736439536964,-92.93145694286989,10346.0,0.0,Perry,Perry County,AR
05107,34.428260410804185,-90.84804738366736,18599.0,1.0,Phillips,Phillips County,AR
05109,34.16351818332637,-93.65632902775016,10735.0,0.0,Pike,Pike County,AR
05111,35.574017811772805,-90.66298801654573,24071.0,0.0,Poinsett,Poinsett County,AR
05113,34.48591350460088,-94.22809399775852,20147.0,0.0,Polk,Polk County,AR
05115,35.44762691983261,-93.03415280850584,63634.0,0.0,Pope,Pope County,AR
05117,34.82978361825457,-91.55278074502868,8248.0,0.0,Prairie,Prairie County,AR
05119,34.76994261420358,-92.31179909815351,393280.0,0.0,Pulaski,Pulaski County,AR
05121,36.34145972608511,-91.02770771961148,17665.0,0.0,Randolph,Randolph County,AR
05123,35.02200790528157,-90.7477706560826,25997.0,0.0,St. Francis,St. Francis County,AR
05125,34.64658115838001,-92.67651696665928,119520.0,0.0,Saline,Saline County,AR
05127,34.860775004570385,-94.06323845657074,10369.0,0.0,Scott,Scott County,AR
05129,35.910901590471546,-92.69950883083352,7927.0,0.0,Searcy,Searcy County,AR
05131,35.19966008085158,-94.2741784039426,127786.0,0.0,Sebastian,Sebastian County,AR
05133,33.99717420098918,-94.2411796312158,17103.0,0.0,Sevier,Sevier County,AR
05135,36.16114237529898,-91.4798574110352,17147.0,0.0,Sharp,Sharp County,AR
05137,35.85987939900059,-92.1567038306004,12520.0,0.0,Stone,Stone County,AR
05139,33.17129973158378,-92.59726481203089,39460.0,0.0,Union,Union County,AR
05141,35.580645732352465,-92.51568696811071,16552.0,0.0,Van Buren,Van Buren County,AR
05143,35.979062439252644,-94.21557479292468,232732.0,0.0,Washington,Washington County,AR
05145,35.256270506178275,-91.74555662551042,78844.0,0.0,White,White County,AR
05147,35.18632731897723,-91.24305699833675,6575.0,0.0,Woodruff,Woodruff County,AR
05149,35.002603251623974,-93.41123882217376,21509.0,0.0,Yell,Yell County,AR
06001,37.64689538225544,-121.88886978780192,1660196.0,1.0,Alameda,Alameda County,CA
06003,38.597195726147824,-119.82066773288686,1111.0,0.0,Alpine,Alpine County,CA
06005,38.44639204819112,-120.65109011411022,38529.0,0.0,Amador,Amador County,CA
06007,39.66693661161785,-121.60068164698696,228696.0,0.0,Butte,Butte County,CA
06009,38.20459399832502,-120.55412861670588,45681.0,0.0,Calaveras,Calaveras County,CA
06011,39.17748765393058,-122.23696190747518,21579.0,0.0,Colusa,Colusa County,CA
06013,37.91912294109281,-121.92778620582688,1145535.0,1.0,Contra Costa,Contra Costa County,CA
06015,41.74313577232096,-123.89725648378538,27351.0,0.0,Del Norte,Del Norte County,CA
06017,38.77873616496782,-120.5246590189402,188679.0,0.0,El Dorado,El Dorado County,CA
06019,36.758196769663805,-119.64930236748847,985238.0,0.0,Fresno,Fresno County,CA
06021,39.59820190646632,-122.39199837299664,27926.0,0.0,Glenn,Glenn County,CA
06023,40.69929739720632,-123.87562907580158,136507.0,0.0,Humboldt,Humboldt County,CA
06025,33.03951207342643,-115.3653511508614,181649.0,0.0,Imperial,Imperial County,CA
06027,36.51111219151844,-117.41074593303252,17868.0,0.0,Inyo,Inyo County,CA
06029,35.342864902482226,-118.72991649562545,887356.0,0.0,Kern,Kern County,CA
06031,36.07534371008504,-119.8155506566914,149665.0,0.0,Kings,Kings County,CA
06033,39.09961743685472,-122.7531883693554,64111.0,0.0,Lake,Lake County,CA
06035,40.673589079170526,-120.59431537274956,30920.0,0.0,Lassen,Lassen County,CA
06037,34.320750982803546,-118.2248168444326,10103711.0,1.0,Los Angeles,Los Angeles County,CA
06039,37.217991610226576,-119.76267308317642,155423.0,0.0,Madera,Madera County,CA
06041,38.07338592474833,-122.72341501330357,259749.0,1.0,Marin,Marin County,CA
06043,37.5815076159399,-119.90542514823878,17414.0,0.0,Mariposa,Mariposa County,CA
06045,39.4402271700364,-123.3914724625614,87576.0,0.0,Mendocino,Mendocino County,CA
06047,37.19188646949189,-120.71765856399745,271096.0,0.0,Merced,Merced County,CA
06049,41.58984688160967,-120.72494573794177,8876.0,0.0,Modoc,Modoc County,CA
06051,37.93908595979136,-118.88684055804912,14354.0,0.0,Mono,Mono County,CA
06053,36.21715687911282,-121.23920215706816,434534.0,0.0,Monterey,Monterey County,CA
06055,38.50648512309876,-122.33051806439236,139878.0,0.0,Napa,Napa County,CA
06057,39.30137029517415,-120.76844828796588,99367.0,0.0,Nevada,Nevada County,CA
06059,33.702973596042334,-117.7610774789061,3174289.0,0.0,Orange,Orange County,CA
06061,39.06346301689069,-120.71754978334424,385115.0,0.0,Placer,Placer County,CA
06063,40.0046332645566,-120.8385369091568,18660.0,0.0,Plumas,Plumas County,CA
06065,33.74365323242648,-115.99385256753764,2414964.0,0.0,Riverside,Riverside County,CA
06067,38.44931315434623,-121.3442424907616,1527301.0,1.0,Sacramento,Sacramento County,CA
06069,36.60568144850608,-121.07496715453478,60164.0,0.0,San Benito,San Benito County,CA
06071,34.841392440950685,-116.17839378078804,2150945.0,0.0,San Bernardino,San Bernardino County,CA
06073,33.03413648999,-116.73529289781789,3321237.0,1.0,San Diego,San Diego County,CA
06075,37.756164368655135,-122.44304167780716,878040.0,1.0,San Francisco,San Francisco County,CA
06077,37.934755252760745,-121.27139130606776,743296.0,1.0,San Joaquin,San Joaquin County,CA
06079,35.387082198542146,-120.40451464764976,282481.0,0.0,San Luis Obispo,San Luis Obispo County,CA
06081,37.422892931850114,-122.32901016612036,768901.0,1.0,San Mateo,San Mateo County,CA
06083,34.67288041508124,-120.01646908062176,445298.0,0.0,Santa Barbara,Santa Barbara County,CA
06085,37.23178765268889,-121.69512941660945,1932510.0,0.0,Santa Clara,Santa Clara County,CA
06087,37.05617976993738,-122.0018387056153,274856.0,0.0,Santa Cruz,Santa Cruz County,CA
06089,40.76371318156553,-122.04049894046976,179384.0,0.0,Shasta,Shasta County,CA
06091,39.58032420248319,-120.5160095727724,3002.0,0.0,Sierra,Sierra County,CA
06093,41.59263981832144,-122.5403645420517,43622.0,0.0,Siskiyou,Siskiyou County,CA
06095,38.26997215549986,-121.9328529874862,443511.0,1.0,Solano,Solano County,CA
06097,38.52828754580746,-122.88740973536667,502469.0,0.0,Sonoma,Sonoma County,CA
06099,37.55913220985296,-120.99768933567012,544717.0,0.0,Stanislaus,Stanislaus County,CA
06101,39.03454568491556,-121.69483838616392,96204.0,0.0,Sutter,Sutter County,CA
06103,40.125626303643976,-122.2340577299037,63847.0,0.0,Tehama,Tehama County,CA
06105,40.65070278926326,-123.11263773436193,12726.0,0.0,Trinity,Trinity County,CA
06107,36.22015635831967,-118.80048446650278,462308.0,0.0,Tulare,Tulare County,CA
06109,38.02758830102549,-119.95475538018044,53976.0,0.0,Tuolumne,Tuolumne County,CA
06111,34.4565039778504,-119.08362848450923,849044.0,1.0,Ventura,Ventura County,CA
06113,38.68660859691268,-121.90157073411244,218477.0,1.0,Yolo,Yolo County,CA
06115,39.26900796968018,-121.35126500959493,76578.0,0.0,Yuba,Yuba County,CA
08001,39.87363203721893,-104.33776923714676,503590.0,0.0,Adams,Adams County,CO
08003,37.57292361959731,-105.78832219516865,16108.0,0.0,Alamosa,Alamosa County,CO
08005,39.64975746231056,-104.33923607575092,644478.0,0.0,Arapahoe,Arapahoe County,CO
08007,37.19353673521776,-107.04828750316524,13295.0,0.0,Archuleta,Archuleta County,CO
08009,37.31919092325828,-102.56037556259142,3554.0,0.0,Baca,Baca County,CO
08011,37.955092909703296,-103.07169532168002,5827.0,0.0,Bent,Bent County,CO
08013,40.092486050265,-105.35773018297355,322441.0,0.0,Boulder,Boulder County,CO
00nan,,,,,,,
08015,38.74702708153242,-106.19413879911998,19666.0,0.0,Chaffee,Chaffee County,CO
08017,38.82795167814567,-102.60351124568918,1853.0,0.0,Cheyenne,Cheyenne County,CO
08019,39.68917978333892,-105.64440233648868,9574.0,0.0,Clear Creek,Clear Creek County,CO
08021,37.20070639605074,-106.19159799784228,8139.0,0.0,Conejos,Conejos County,CO
08023,37.2780969922478,-105.4282210288696,3756.0,0.0,Costilla,Costilla County,CO
08025,38.32658485462752,-103.78447087644096,5840.0,0.0,Crowley,Crowley County,CO
08027,38.10869122641281,-105.36752805339286,4857.0,0.0,Custer,Custer County,CO
08029,38.86135965014589,-107.86289031438574,30519.0,0.0,Delta,Delta County,CO
08031,39.76212662391864,-104.87589312362304,704961.0,0.0,Denver,Denver County,CO
08033,37.75170590403119,-108.51738041542224,2045.0,0.0,Dolores,Dolores County,CO
08035,39.32970606935821,-104.92956361909566,335816.0,0.0,Douglas,Douglas County,CO
08037,39.62784556293205,-106.69536644502288,54929.0,0.0,Eagle,Eagle County,CO
08039,39.28657630942782,-104.13596340308284,25765.0,0.0,Elbert,Elbert County,CO
08041,38.83209015342789,-104.52545861019624,700099.0,0.0,El Paso,El Paso County,CO
08043,38.472960438680914,-105.43966640799268,47548.0,0.0,Fremont,Fremont County,CO
08045,39.59932228041217,-107.90406844962232,59032.0,0.0,Garfield,Garfield County,CO
08047,39.8575615560078,-105.52251659726298,6018.0,0.0,Gilpin,Gilpin County,CO
08049,40.1026307977432,-106.11833049462663,15364.0,0.0,Grand,Grand County,CO
08051,38.6667679578985,-107.03162256703688,16863.0,0.0,Gunnison,Gunnison County,CO
08053,37.82128480331484,-107.30030190882668,791.0,0.0,Hinsdale,Hinsdale County,CO
08055,37.68467832413566,-104.96061165578882,6628.0,0.0,Huerfano,Huerfano County,CO
08057,40.66644567596359,-106.3427900482807,1375.0,0.0,Jackson,Jackson County,CO
08059,39.586435994099176,-105.25046926831558,575417.0,0.0,Jefferson,Jefferson County,CO
08061,38.43267565400623,-102.74024846554,1365.0,0.0,Kiowa,Kiowa County,CO
08063,39.30549720731106,-102.6029654733595,7137.0,0.0,Kit Carson,Kit Carson County,CO
08065,39.20249231206429,-106.344771252396,7750.0,0.0,Lake,Lake County,CO
08067,37.28655414110029,-107.84332959557602,55563.0,0.0,La Plata,La Plata County,CO
08069,40.66638618169822,-105.46114559146672,344084.0,0.0,Larimer,Larimer County,CO
08071,37.31578855613155,-104.03864231253092,14201.0,0.0,Las Animas,Las Animas County,CO
08073,38.98808300985233,-103.51396002757946,5523.0,0.0,Lincoln,Lincoln County,CO
08075,40.72467309527492,-103.11012511502447,22317.0,0.0,Logan,Logan County,CO
08077,39.018301889092754,-108.4664427668536,151170.0,0.0,Mesa,Mesa County,CO
08079,37.66894228649348,-106.92412193366984,753.0,0.0,Mineral,Mineral County,CO
08081,40.61838524150491,-108.20743242661956,13088.0,0.0,Moffat,Moffat County,CO
08083,37.33856249066213,-108.59657713130176,26112.0,0.0,Montezuma,Montezuma County,CO
08085,38.4021830764903,-108.26933845128794,41753.0,0.0,Montrose,Montrose County,CO
08087,40.26263928069212,-103.80974278194076,28295.0,0.0,Morgan,Morgan County,CO
08089,37.90258546801272,-103.71645740257692,18345.0,0.0,Otero,Otero County,CO
08091,38.15546514326709,-107.76927130278033,4813.0,0.0,Ouray,Ouray County,CO
08093,39.119315981867,-105.71711030252672,17894.0,0.0,Park,Park County,CO
08095,40.59396953235366,-102.3576039092179,4288.0,0.0,Phillips,Phillips County,CO
08097,39.21707871765447,-106.9165811344898,17973.0,0.0,Pitkin,Pitkin County,CO
08099,37.95519536784376,-102.39335974662974,11998.0,0.0,Prowers,Prowers County,CO
08101,38.173499088835406,-104.51272112857924,166283.0,0.0,Pueblo,Pueblo County,CO
08103,39.97987068055091,-108.2170596373356,6352.0,0.0,Rio Blanco,Rio Blanco County,CO
08105,37.58251472817095,-106.38324127795268,11297.0,0.0,Rio Grande,Rio Grande County,CO
08107,40.4851431130296,-106.99125367965289,25171.0,0.0,Routt,Routt County,CO
08109,38.08052931950652,-106.28150942970952,6633.0,0.0,Saguache,Saguache County,CO
08111,37.76402849680549,-107.67615655284592,712.0,0.0,San Juan,San Juan County,CO
08113,38.003760741243084,-108.4057484752493,8034.0,0.0,San Miguel,San Miguel County,CO
08115,40.87591616276169,-102.35182387974535,2311.0,0.0,Sedgwick,Sedgwick County,CO
08117,39.63418029894818,-106.1163679548226,30820.0,0.0,Summit,Summit County,CO
08119,38.88215688726177,-105.16177912746411,24674.0,0.0,Teller,Teller County,CO
08121,39.9710179731772,-103.20124536816064,4921.0,0.0,Washington,Washington County,CO
08123,40.55484334092855,-104.39246685803953,305885.0,0.0,Weld,Weld County,CO
08125,40.00293262691993,-102.4242488048119,9959.0,0.0,Yuma,Yuma County,CO
09001,41.27069452406159,-73.38925976727323,943038.0,1.0,Fairfield,Fairfield County,CT
09003,41.806404947350885,-72.73286196343233,893076.0,0.0,Hartford,Hartford County,CT
09005,41.79247871872857,-73.24532304980157,181667.0,0.0,Litchfield,Litchfield County,CT
09007,41.46318766657876,-72.53514427955896,162942.0,0.0,Middlesex,Middlesex County,CT
09009,41.4103130229318,-72.9320019292034,857748.0,1.0,New Haven,New Haven County,CT
09011,41.48661392494678,-72.10147371348695,267419.0,0.0,New London,New London County,CT
09013,41.85504157819072,-72.33647668737956,151009.0,0.0,Tolland,Tolland County,CT
09015,41.83001973982787,-71.98743863311894,116398.0,0.0,Windham,Windham County,CT
10001,39.08616817632221,-75.56842164146497,176499.0,0.0,Kent,Kent County,DE
10003,39.57683385412077,-75.6526916045547,555976.0,1.0,New Castle,New Castle County,DE
10005,38.66055210004061,-75.39003793370092,224348.0,0.0,Sussex,Sussex County,DE
11000,38.90473393549871,-77.01629383836654,694906.0,0.0,,,
11001,38.90473393549871,-77.01629383836654,694906.0,0.0,District of Columbia,District of Columbia,DC
12001,29.674750800885977,-82.35772520878193,266309.0,0.0,Alachua,Alachua County,FL
12003,30.331097919902277,-82.28462852125189,28254.0,1.0,Baker,Baker County,FL
12005,30.26519098662986,-85.6202589748368,184736.0,1.0,Bay,Bay County,FL
12007,29.949950596930133,-82.1687702241509,27142.0,0.0,Bradford,Bradford County,FL
12009,28.293692618299943,-80.73227533272596,587769.0,1.0,Brevard,Brevard County,FL
12011,26.152322073890744,-80.48712623079905,1934516.0,1.0,Broward,Broward County,FL
12013,30.406015878216863,-85.19720063241094,14428.0,1.0,Calhoun,Calhoun County,FL
12015,26.905497794761462,-81.91225681772083,181522.0,0.0,Charlotte,Charlotte County,FL
12017,28.848907548610956,-82.47939650284867,145415.0,0.0,Citrus,Citrus County,FL
12019,29.983067437968472,-81.85787717073481,212228.0,1.0,Clay,Clay County,FL
12021,26.11072787721613,-81.34758796234081,372678.0,1.0,Collier,Collier County,FL
12023,30.22425181209976,-82.62153955879896,69999.0,0.0,Columbia,Columbia County,FL
12027,27.186366487974823,-81.80937517929006,37241.0,1.0,DeSoto,DeSoto County,FL
12029,29.60819169521817,-83.15880068247591,16615.0,0.0,Dixie,Dixie County,FL
12031,30.33157370707498,-81.67084288884449,937933.0,1.0,Duval,Duval County,FL
12033,30.66892660853817,-87.36278319365667,313249.0,0.0,Escambia,Escambia County,FL
12035,29.46143349710422,-81.31355776536725,109999.0,0.0,Flagler,Flagler County,FL
12037,29.87641285577148,-84.81400030377594,11724.0,0.0,Franklin,Franklin County,FL
12039,30.579478457629342,-84.61362478800102,45993.0,0.0,Gadsden,Gadsden County,FL
12041,29.72583504140681,-82.80038466784477,17900.0,0.0,Gilchrist,Gilchrist County,FL
12043,26.95646569095207,-81.18899439634949,13580.0,0.0,Glades,Glades County,FL
12045,29.955533401789424,-85.22659247109146,16105.0,1.0,Gulf,Gulf County,FL
12047,30.496388900464236,-82.94793375959962,14364.0,0.0,Hamilton,Hamilton County,FL
12049,27.49269572286143,-81.80993615321496,27154.0,1.0,Hardee,Hardee County,FL
12051,26.55346769649779,-81.16584532090035,41018.0,1.0,Hendry,Hendry County,FL
12053,28.55362880762055,-82.42502927888124,186704.0,0.0,Hernando,Hernando County,FL
12055,27.34332487921347,-81.34103496405596,103852.0,0.0,Highlands,Highlands County,FL
12057,27.92907697341189,-82.30919239730291,1426736.0,1.0,Hillsborough,Hillsborough County,FL
12059,30.86792168440499,-85.8140207055617,19427.0,0.0,Holmes,Holmes County,FL
12061,27.69427835642692,-80.606231760396,154241.0,0.0,Indian River,Indian River County,FL
12063,30.795422728695264,-85.21548725071834,48289.0,1.0,Jackson,Jackson County,FL
12065,30.43749378117632,-83.89529719873791,14165.0,0.0,Jefferson,Jefferson County,FL
12067,29.98550102449872,-83.18108884720597,8602.0,0.0,Lafayette,Lafayette County,FL
12069,28.76154249476401,-81.7112580103824,345432.0,0.0,Lake,Lake County,FL
12071,26.57778206683424,-81.83374077198586,740000.0,0.0,Lee,Lee County,FL
12073,30.45803977085223,-84.27790577383576,290965.0,0.0,Leon,Leon County,FL
12075,29.318427582143386,-82.74355483045595,40276.0,0.0,Levy,Levy County,FL
12077,30.24131614428188,-84.88289702198631,8236.0,0.0,Liberty,Liberty County,FL
12079,30.444121883321905,-83.47012070483186,18474.0,0.0,Madison,Madison County,FL
12081,27.47190077498404,-82.31531177066562,385506.0,1.0,Manatee,Manatee County,FL
12083,29.21020767158422,-82.05665142074314,353339.0,0.0,Marion,Marion County,FL
12085,27.077525251767263,-80.43147649127305,159701.0,0.0,Martin,Martin County,FL
00nan,,,,,,,
12087,25.31565209481956,-81.11063825639074,76483.0,1.0,Monroe,Monroe County,FL
12089,30.61059898992588,-81.80161575823564,82925.0,1.0,Nassau,Nassau County,FL
12091,30.69129163902236,-86.59175499741289,203478.0,0.0,Okaloosa,Okaloosa County,FL
12093,27.38641494510768,-80.8886275446589,41275.0,0.0,Okeechobee,Okeechobee County,FL
12095,28.514421265597303,-81.3235146220025,1355921.0,1.0,Orange,Orange County,FL
12097,28.06268353158052,-81.149471500389,353623.0,1.0,Osceola,Osceola County,FL
12099,26.647603931431853,-80.4654812199735,1470344.0,1.0,Palm Beach,Palm Beach County,FL
12101,28.30909514217453,-82.39320065145365,525141.0,1.0,Pasco,Pasco County,FL
12103,27.91960849198995,-82.7255974772585,968341.0,1.0,Pinellas,Pinellas County,FL
12105,27.94888002567388,-81.69757651036936,685368.0,1.0,Polk,Polk County,FL
12107,29.608655053001463,-81.7443058230951,73384.0,0.0,Putnam,Putnam County,FL
12109,29.90164404764456,-81.44066527556062,243693.0,1.0,St. Johns,St. Johns County,FL
12111,27.3772618115358,-80.47201674082444,313163.0,0.0,St. Lucie,St. Lucie County,FL
12113,30.700441609573133,-87.02197829507763,174049.0,0.0,Santa Rosa,Santa Rosa County,FL
12115,27.184468171990805,-82.33150450404355,419680.0,1.0,Sarasota,Sarasota County,FL
12117,28.71697374678928,-81.23632001939761,462801.0,0.0,Seminole,Seminole County,FL
12119,28.70474669275949,-82.08096614372512,124995.0,0.0,Sumter,Sumter County,FL
12121,30.195605987264557,-82.9914916549322,44124.0,0.0,Suwannee,Suwannee County,FL
12123,30.047013551856125,-83.60352458092346,21781.0,0.0,Taylor,Taylor County,FL
12125,30.04385513366295,-82.37143291682224,15448.0,0.0,Union,Union County,FL
12127,29.05841714202568,-81.18192471796135,537868.0,1.0,Volusia,Volusia County,FL
12129,30.167324732136965,-84.40067383881863,32050.0,0.0,Wakulla,Wakulla County,FL
12131,30.643580071985298,-86.1696886853177,68021.0,1.0,Walton,Walton County,FL
12133,30.61059822082336,-85.66530562167534,24546.0,1.0,Washington,Washington County,FL
13001,31.74922042548138,-82.28889297900042,18438.0,0.0,Appling,Appling County,GA
13003,31.29716328073572,-82.88006601001496,8182.0,0.0,Atkinson,Atkinson County,GA
13005,31.553676038723733,-82.45269050348057,11205.0,0.0,Bacon,Bacon County,GA
13007,31.32614478356452,-84.44471523235575,3159.0,0.0,Baker,Baker County,GA
13009,33.069219076873615,-83.24961215004393,44963.0,0.0,Baldwin,Baldwin County,GA
13011,34.3541471699188,-83.49736529792955,18628.0,0.0,Banks,Banks County,GA
13013,33.99319053780227,-83.71272827166683,78899.0,0.0,Barrow,Barrow County,GA
13015,34.2378640283193,-84.84049102152196,105098.0,0.0,Bartow,Bartow County,GA
13017,31.759774595325,-83.22049378295809,17037.0,0.0,Ben Hill,Ben Hill County,GA
13019,31.27595299583093,-83.22963791998826,19108.0,0.0,Berrien,Berrien County,GA
13021,32.806493887142274,-83.69741622132571,152840.0,0.0,Bibb,Bibb County,GA
13023,32.4344437172075,-83.3278140331242,12764.0,0.0,Bleckley,Bleckley County,GA
13025,31.19687600422457,-81.9819055036726,18832.0,0.0,Brantley,Brantley County,GA
13027,30.841984700832704,-83.58019147869227,15617.0,0.0,Brooks,Brooks County,GA
13029,32.0144729244524,-81.44364045767938,36999.0,0.0,Bryan,Bryan County,GA
13031,32.39680399049459,-81.74317702632413,75991.0,0.0,Bulloch,Bulloch County,GA
13033,33.061084768288865,-82.00090668734288,22545.0,0.0,Burke,Burke County,GA
13035,33.28787980608941,-83.95717716241894,24067.0,0.0,Butts,Butts County,GA
13037,31.529224228583995,-84.62452473844495,6389.0,0.0,Calhoun,Calhoun County,GA
13039,30.930563084522053,-81.66997650559183,53005.0,0.0,Camden,Camden County,GA
13043,32.40344929595566,-82.0736569075183,10706.0,0.0,Candler,Candler County,GA
13045,33.5827864959003,-85.07976818272866,117390.0,0.0,Carroll,Carroll County,GA
13047,34.90362849138902,-85.13824585634735,66495.0,0.0,Catoosa,Catoosa County,GA
13049,30.78172966832286,-82.13793183909222,12810.0,0.0,Charlton,Charlton County,GA
13051,32.004214597666255,-81.13283532273303,289309.0,1.0,Chatham,Chatham County,GA
13053,32.346986130579374,-84.78702536063633,10205.0,0.0,Chattahoochee,Chattahoochee County,GA
13055,34.47500026331241,-85.34534078306989,24746.0,0.0,Chattooga,Chattooga County,GA
13057,34.24394974730491,-84.47619199416148,247763.0,0.0,Cherokee,Cherokee County,GA
13059,33.95117349775622,-83.36733405685969,126815.0,0.0,Clarke,Clarke County,GA
13061,31.626268207873885,-84.98011556507228,2955.0,0.0,Clay,Clay County,GA
13063,33.5419070017896,-84.35764544449991,284184.0,0.0,Clayton,Clayton County,GA
13065,30.914994830827503,-82.70625645950368,6643.0,0.0,Clinch,Clinch County,GA
13067,33.941480024827854,-84.57669031840565,752649.0,0.0,Cobb,Cobb County,GA
13069,31.549320621627665,-82.84916303003669,42880.0,0.0,Coffee,Coffee County,GA
13071,31.188374276050464,-83.76880417802663,45480.0,0.0,Colquitt,Colquitt County,GA
13073,33.54412040236322,-82.26404963949945,151529.0,0.0,Columbia,Columbia County,GA
13075,31.154012623045272,-83.43047989188945,17213.0,0.0,Cook,Cook County,GA
13077,33.35346405829405,-84.76335254082618,143153.0,0.0,Coweta,Coweta County,GA
13079,32.71450344252049,-83.98633221961049,12263.0,0.0,Crawford,Crawford County,GA
13081,31.92291475053917,-83.7680508067914,22710.0,0.0,Crisp,Crisp County,GA
13083,34.85455352146002,-85.50451731750586,16254.0,0.0,Dade,Dade County,GA
13085,34.44429924691689,-84.1706207355342,24406.0,0.0,Dawson,Dawson County,GA
13087,30.87834851070792,-84.57904679284889,26706.0,0.0,Decatur,Decatur County,GA
13089,33.77153952454886,-84.22642246462686,751176.0,0.0,DeKalb,DeKalb County,GA
13091,32.172209192709325,-83.16840435373861,20749.0,0.0,Dodge,Dodge County,GA
13093,32.15718712075314,-83.79876701735199,13691.0,0.0,Dooly,Dooly County,GA
13095,31.53346417626125,-84.2163863940889,89457.0,0.0,Dougherty,Dougherty County,GA
13097,33.70184230465754,-84.76795623129354,143376.0,0.0,Douglas,Douglas County,GA
13099,31.32285086627361,-84.90364841350879,10317.0,0.0,Early,Early County,GA
13101,30.71005038281329,-82.89396096505433,3914.0,0.0,Echols,Echols County,GA
13103,32.36728666939732,-81.34135201929965,60086.0,1.0,Effingham,Effingham County,GA
13105,34.11679165767508,-82.84014212024712,19102.0,0.0,Elbert,Elbert County,GA
13107,32.58974260211079,-82.30171420969346,22533.0,0.0,Emanuel,Emanuel County,GA
13109,32.15675935788092,-81.88687974597076,10741.0,0.0,Evans,Evans County,GA
13111,34.86408383857029,-84.31983456986865,25332.0,0.0,Fannin,Fannin County,GA
13113,33.41395117900356,-84.49418057870486,112553.0,0.0,Fayette,Fayette County,GA
13115,34.263182269472,-85.21426128041345,97500.0,0.0,Floyd,Floyd County,GA
13117,34.225543250240136,-84.12502041036171,228940.0,0.0,Forsyth,Forsyth County,GA
13119,34.375465579721435,-83.22914801550777,22864.0,0.0,Franklin,Franklin County,GA
13121,33.79027483955372,-84.46699574437437,1038938.0,0.0,Fulton,Fulton County,GA
13123,34.691167388818805,-84.4556246379301,30443.0,0.0,Gilmer,Gilmer County,GA
13125,33.22928288536465,-82.61070062299642,3032.0,0.0,Glascock,Glascock County,GA
13127,31.230896496410697,-81.54071673888281,84675.0,1.0,Glynn,Glynn County,GA
13129,34.503355868602014,-84.87570978696183,57164.0,0.0,Gordon,Gordon County,GA
13131,30.87466407773854,-84.23444250309461,24773.0,0.0,Grady,Grady County,GA
13133,33.57883096598145,-83.16667526082685,17203.0,0.0,Greene,Greene County,GA
13135,33.961730196264675,-84.02359641311853,918186.0,0.0,Gwinnett,Gwinnett County,GA
13137,34.63102981591451,-83.53110825775791,44535.0,0.0,Habersham,Habersham County,GA
13139,34.316899811491666,-83.81967103379272,198953.0,0.0,Hall,Hall County,GA
13141,33.27041901118802,-83.00071008919714,8539.0,0.0,Hancock,Hancock County,GA
13143,33.794217786661,-85.21101833832107,29248.0,0.0,Haralson,Haralson County,GA
13145,32.73603642626351,-84.9088944956003,33943.0,0.0,Harris,Harris County,GA
13147,34.350834817028144,-82.96422076152128,25710.0,0.0,Hart,Hart County,GA
13149,33.2970394184972,-85.12833608227382,11751.0,0.0,Heard,Heard County,GA
13151,33.45298838069063,-84.15420769802631,225182.0,0.0,Henry,Henry County,GA
13153,32.45900653397041,-83.66622735436323,153202.0,0.0,Houston,Houston County,GA
13155,31.60221521270069,-83.27635628014866,9352.0,0.0,Irwin,Irwin County,GA
13157,34.13388621889406,-83.5663617255694,67644.0,0.0,Jackson,Jackson County,GA
13159,33.31654181204875,-83.68797106750809,13882.0,0.0,Jasper,Jasper County,GA
13161,31.805611903896576,-82.63682919640904,15039.0,0.0,Jeff Davis,Jeff Davis County,GA
13163,33.054866034281325,-82.41818235354138,15630.0,0.0,Jefferson,Jefferson County,GA
13165,32.7924472715822,-81.9635495362388,8813.0,0.0,Jenkins,Jenkins County,GA
13167,32.70146079182426,-82.6600800455065,9737.0,0.0,Johnson,Johnson County,GA
13169,33.02512059960476,-83.56049438898054,28466.0,0.0,Jones,Jones County,GA
13171,33.07653568624398,-84.13947124201903,18600.0,0.0,Lamar,Lamar County,GA
13173,31.037873037267083,-83.0627558384304,10425.0,0.0,Lanier,Lanier County,GA
13175,32.46365198549267,-82.92223333826969,47376.0,0.0,Laurens,Laurens County,GA
13177,31.77953374708544,-84.14113860482506,29410.0,0.0,Lee,Lee County,GA
13179,31.828088974068447,-81.49472945873693,61619.0,0.0,Liberty,Liberty County,GA
13181,33.793636861494086,-82.45114101637412,7856.0,0.0,Lincoln,Lincoln County,GA
13183,31.752554964370468,-81.74569587247785,18780.0,0.0,Long,Long County,GA
13185,30.83382647256625,-83.26773335165973,115404.0,0.0,Lowndes,Lowndes County,GA
13187,34.57219333671243,-84.00266402282055,32801.0,0.0,Lumpkin,Lumpkin County,GA
13189,33.4828636732027,-82.48137227187677,21511.0,0.0,McDuffie,McDuffie County,GA
13191,31.49665950896511,-81.4084687701452,14080.0,0.0,McIntosh,McIntosh County,GA
13193,32.35839007483102,-84.04249137614553,13254.0,0.0,Macon,Macon County,GA
13195,34.12778565224253,-83.20903334457613,29295.0,0.0,Madison,Madison County,GA
13197,32.35339875559307,-84.52466305035985,8403.0,0.0,Marion,Marion County,GA
13199,33.04066416818116,-84.68831064302671,21021.0,0.0,Meriwether,Meriwether County,GA
13201,31.164003173254805,-84.73079294693335,5813.0,0.0,Miller,Miller County,GA
13205,31.22531939975095,-84.19427446983238,22317.0,0.0,Mitchell,Mitchell County,GA
13207,33.013918975651464,-83.91865869635785,27163.0,0.0,Monroe,Monroe County,GA
13209,32.17339358743584,-82.53477368729061,9024.0,0.0,Montgomery,Montgomery County,GA
13211,33.590920006211746,-83.49227571314808,18373.0,0.0,Morgan,Morgan County,GA
13213,34.78843305913288,-84.74807122171802,39803.0,0.0,Murray,Murray County,GA
13215,32.51002331596532,-84.8770500238598,193836.0,0.0,Muscogee,Muscogee County,GA
13217,33.55503935020693,-83.85019192321532,107846.0,0.0,Newton,Newton County,GA
13219,33.83496303432922,-83.43710284595001,38122.0,0.0,Oconee,Oconee County,GA
13221,33.880668467213894,-83.0807131067844,14874.0,0.0,Oglethorpe,Oglethorpe County,GA
13223,33.920533716331136,-84.86729517366888,159509.0,0.0,Paulding,Paulding County,GA
13225,32.5687552261371,-83.8268885761896,26961.0,0.0,Peach,Peach County,GA
13227,34.4643317771729,-84.46556299016778,31541.0,0.0,Pickens,Pickens County,GA
13229,31.358761889356607,-82.21276122446034,19197.0,0.0,Pierce,Pierce County,GA
13231,33.09228331201116,-84.38925956576274,18204.0,0.0,Pike,Pike County,GA
13233,34.00179086403913,-85.18814290718093,41818.0,0.0,Polk,Polk County,GA
13235,32.2322966295978,-83.47596050870591,11181.0,0.0,Pulaski,Pulaski County,GA
13237,33.32176673014263,-83.37279373610288,21692.0,0.0,Putnam,Putnam County,GA
13239,31.867354588378745,-85.01876743019001,2333.0,0.0,Quitman,Quitman County,GA
13241,34.88173557560035,-83.40207292348572,16545.0,0.0,Rabun,Rabun County,GA
13243,31.76265514822153,-84.7541886427644,6969.0,0.0,Randolph,Randolph County,GA
13245,33.35959631006546,-82.07350668900006,201673.0,0.0,Richmond,Richmond County,GA
13247,33.65425099458301,-84.0265901776717,89843.0,0.0,Rockdale,Rockdale County,GA
13249,32.261662557368844,-84.31475698370534,5235.0,0.0,Schley,Schley County,GA
13251,32.75060689343115,-81.61194155230689,13956.0,0.0,Screven,Screven County,GA
13253,30.93878565806053,-84.86883880876836,8253.0,0.0,Seminole,Seminole County,GA
13255,33.26087826740953,-84.2840966704099,65358.0,0.0,Spalding,Spalding County,GA
13257,34.55395872433515,-83.29346611271127,25736.0,0.0,Stephens,Stephens County,GA
13259,32.07849175036802,-84.83522640586621,6314.0,0.0,Stewart,Stewart County,GA
13261,32.03994211677564,-84.19698913392784,29901.0,0.0,Sumter,Sumter County,GA
13263,32.69950045066831,-84.53300847788722,6256.0,0.0,Talbot,Talbot County,GA
13265,33.56613643615074,-82.87876436533682,1613.0,0.0,Taliaferro,Taliaferro County,GA
13267,32.04579526935199,-82.05812491792504,25409.0,0.0,Tattnall,Tattnall County,GA
13269,32.55547784851964,-84.25046675982192,8110.0,0.0,Taylor,Taylor County,GA
13271,31.929799692874717,-82.93901283236212,15929.0,0.0,Telfair,Telfair County,GA
13273,31.777004725206027,-84.43697461339075,8695.0,0.0,Terrell,Terrell County,GA
13275,30.86375611026411,-83.91931743999483,44619.0,0.0,Thomas,Thomas County,GA
13277,31.457428888366763,-83.52660073517664,40431.0,0.0,Tift,Tift County,GA
13279,32.12161496520156,-82.33121291430561,26859.0,0.0,Toombs,Toombs County,GA
13281,34.916636417249826,-83.73729976403466,11553.0,0.0,Towns,Towns County,GA
13283,32.403874795903945,-82.56728819880553,6746.0,0.0,Treutlen,Treutlen County,GA
13285,33.03353969267601,-85.02836507482938,70062.0,0.0,Troup,Troup County,GA
13287,31.716381745728004,-83.62408551964647,7895.0,0.0,Turner,Turner County,GA
13289,32.667200070009194,-83.42707865118696,8253.0,0.0,Twiggs,Twiggs County,GA
13291,34.83408627242156,-83.9907535344323,23376.0,0.0,Union,Union County,GA
13293,32.881274804687706,-84.29934917654778,26201.0,0.0,Upson,Upson County,GA
13295,34.735645000296984,-85.30099012011271,68999.0,1.0,Walker,Walker County,GA
13297,33.78155697710648,-83.73386956695752,91296.0,0.0,Walton,Walton County,GA
13299,31.05378874094332,-82.42371840704472,35668.0,0.0,Ware,Ware County,GA
13301,33.408948174955924,-82.67675068794323,5265.0,0.0,Warren,Warren County,GA
13303,32.969533319586006,-82.79593097636445,20311.0,0.0,Washington,Washington County,GA
13305,31.551447035244017,-81.91672481763781,29797.0,0.0,Wayne,Wayne County,GA
13307,32.04664769653052,-84.55105994852336,2589.0,0.0,Webster,Webster County,GA
13309,32.11705301159414,-82.72458719652249,7960.0,0.0,Wheeler,Wheeler County,GA
13311,34.646382628545545,-83.74710979521834,29445.0,0.0,White,White County,GA
13313,34.805606218066906,-84.96720588051173,104234.0,0.0,Whitfield,Whitfield County,GA
13315,31.97287675939435,-83.43231942959953,8791.0,0.0,Wilcox,Wilcox County,GA
13317,33.78195197411589,-82.74319916192538,9860.0,0.0,Wilkes,Wilkes County,GA
13319,32.802380110074495,-83.17123912892735,8954.0,0.0,Wilkinson,Wilkinson County,GA
13321,31.55150872905016,-83.85089157056922,20528.0,0.0,Worth,Worth County,GA
15001,19.59872083276248,-155.51849348203956,199981.0,1.0,Hawaii,Hawaii County,HI
15003,21.500785361340675,-158.10533417955344,986353.0,1.0,Honolulu,Honolulu County,HI
15005,21.170886588903578,-156.94753062586963,86.0,0.0,Kalawao,Kalawao County,HI
15007,22.03962536798668,-159.59634878220393,71827.0,1.0,Kauai,Kauai County,HI
15009,20.85963989580301,-156.56484600547566,166146.0,1.0,Maui,Maui County,HI
16001,43.45109248520331,-116.24116076081638,456548.0,0.0,Ada,Ada County,ID
16003,44.88959322121837,-116.45382538418804,4127.0,0.0,Adams,Adams County,ID
16005,42.668483916605126,-112.22461075822132,85482.0,0.0,Bannock,Bannock County,ID
16007,42.284749854888766,-111.3296578957477,6023.0,0.0,Bear Lake,Bear Lake County,ID
16009,47.21755274331005,-116.65870875624374,9157.0,0.0,Benewah,Benewah County,ID
16011,43.21655732039818,-112.39807340322956,45884.0,0.0,Bingham,Bingham County,ID
16013,43.41194442285568,-113.9801748029922,22373.0,0.0,Blaine,Blaine County,ID
16015,43.98913103151639,-115.73036313841396,7347.0,0.0,Boise,Boise County,ID
16017,48.30003579798188,-116.60122768199228,43654.0,0.0,Bonner,Bonner County,ID
16019,43.38773727476929,-111.6147912693325,114488.0,0.0,Bonneville,Bonneville County,ID
16021,48.76693516244135,-116.46288485562155,11965.0,0.0,Boundary,Boundary County,ID
16023,43.72291305037032,-113.17206230537124,2585.0,0.0,Butte,Butte County,ID
16025,43.46332928099099,-114.80576729342155,1096.0,0.0,Camas,Camas County,ID
16027,43.62513644293541,-116.70931238483284,216858.0,0.0,Canyon,Canyon County,ID
16029,42.77049893460882,-111.56225849001672,6973.0,0.0,Caribou,Caribou County,ID
16031,42.28383248979728,-113.6001257906986,23650.0,0.0,Cassia,Cassia County,ID
16033,44.28402960259179,-112.3513579926291,879.0,0.0,Clark,Clark County,ID
16035,46.6736517171086,-115.6566492740736,8646.0,0.0,Clearwater,Clearwater County,ID
16037,44.24112145288979,-114.28173039680912,4135.0,0.0,Custer,Custer County,ID
16039,43.35395433781996,-115.46929751358704,26881.0,0.0,Elmore,Elmore County,ID
16041,42.18110342105367,-111.81322370561902,13467.0,0.0,Franklin,Franklin County,ID
16043,44.22881428664424,-111.48208199725094,13122.0,0.0,Fremont,Fremont County,ID
16045,44.06154619190838,-116.39751661550372,17311.0,0.0,Gem,Gem County,ID
16047,42.97102577835663,-114.8115384586266,15121.0,0.0,Gooding,Gooding County,ID
16049,45.844095809324536,-115.46746349953754,16373.0,0.0,Idaho,Idaho County,ID
16051,43.82015563691286,-112.31131237417452,28439.0,0.0,Jefferson,Jefferson County,ID
16053,42.689875957030544,-114.26392555344331,23768.0,0.0,Jerome,Jerome County,ID
16055,47.674374985274405,-116.70182587326146,157320.0,0.0,Kootenai,Kootenai County,ID
16057,46.81617019537275,-116.7116819523738,39741.0,0.0,Latah,Latah County,ID
16059,44.94330278442327,-113.93337468852434,7829.0,0.0,Lemhi,Lemhi County,ID
16061,46.23700083960889,-116.42631185717356,3884.0,0.0,Lewis,Lewis County,ID
16063,43.00237906557496,-114.13828763730103,5376.0,0.0,Lincoln,Lincoln County,ID
16065,43.78414331450867,-111.65923605788534,39370.0,0.0,Madison,Madison County,ID
16067,42.85429094213868,-113.63747728450936,20722.0,0.0,Minidoka,Minidoka County,ID
16069,46.326820300303474,-116.75023877159238,40289.0,0.0,Nez Perce,Nez Perce County,ID
16071,42.19491651295068,-112.5392605504226,4389.0,0.0,Oneida,Oneida County,ID
16073,42.58148784287368,-116.16992189938463,11618.0,0.0,Owyhee,Owyhee County,ID
16075,44.0067562541802,-116.76082122698398,23163.0,0.0,Payette,Payette County,ID
16077,42.6936599301007,-112.84067753769054,7606.0,0.0,Power,Power County,ID
16079,47.35300366768546,-115.89240937992692,12519.0,0.0,Shoshone,Shoshone County,ID
16081,43.75944550159856,-111.20762183167248,11445.0,0.0,Teton,Teton County,ID
16083,42.35596928914359,-114.66715057337612,85374.0,0.0,Twin Falls,Twin Falls County,ID
16085,44.76660739342035,-115.56633721682508,10667.0,0.0,Valley,Valley County,ID
16087,44.452423819640416,-116.78473628222136,10051.0,0.0,Washington,Washington County,ID
17001,39.98786061422821,-91.18852909370187,66057.0,1.0,Adams,Adams County,IL
17003,37.1915178044345,-89.33756139649867,6278.0,1.0,Alexander,Alexander County,IL
17005,38.88683249999023,-89.43555405968495,16648.0,0.0,Bond,Bond County,IL
17007,42.323068554397565,-88.82337345787897,53513.0,0.0,Boone,Boone County,IL
17009,39.961827501641054,-90.75034309099176,6609.0,1.0,Brown,Brown County,IL
17011,41.4041441909686,-89.52867298130401,33137.0,1.0,Bureau,Bureau County,IL
17013,39.16924302950948,-90.66753132895562,4851.0,1.0,Calhoun,Calhoun County,IL
17015,42.06868303989456,-89.93438902662098,14475.0,0.0,Carroll,Carroll County,IL
17017,39.97356880067343,-90.2474201494493,12492.0,1.0,Cass,Cass County,IL
17019,40.14009213238455,-88.19920011186909,210425.0,0.0,Champaign,Champaign County,IL
17021,39.54580001166111,-89.27727501786617,33007.0,0.0,Christian,Christian County,IL
17023,39.33359992112159,-87.78767952436587,15812.0,0.0,Clark,Clark County,IL
17025,38.75415397113673,-88.49016155316498,13270.0,0.0,Clay,Clay County,IL
17027,38.60644391225837,-89.42249411406861,37645.0,1.0,Clinton,Clinton County,IL
17029,39.52026812902686,-88.22180961569302,51353.0,0.0,Coles,Coles County,IL
17031,41.84003420542529,-87.81671114045764,5200821.0,1.0,Cook,Cook County,IL
17033,39.002722794554806,-87.75963357322055,18975.0,0.0,Crawford,Crawford County,IL
17035,39.273306472763885,-88.24021449599853,10880.0,0.0,Cumberland,Cumberland County,IL
17037,41.89353623464948,-88.77030974919622,104309.0,0.0,DeKalb,DeKalb County,IL
17039,40.17461293524609,-88.90408379677375,15906.0,0.0,De Witt,De Witt County,IL
17041,39.76945801935261,-88.21737097294589,19629.0,0.0,Douglas,Douglas County,IL
17043,41.85195030831908,-88.08562983758864,930265.0,1.0,DuPage,DuPage County,IL
17045,39.67856632509637,-87.74559219918899,17390.0,0.0,Edgar,Edgar County,IL
17047,38.41654345978861,-88.05327928661823,6448.0,0.0,Edwards,Edwards County,IL
17049,39.05978488473077,-88.58986895846408,34123.0,0.0,Effingham,Effingham County,IL
17051,39.00018709955097,-89.02413326360059,21514.0,0.0,Fayette,Fayette County,IL
17053,40.59719154270035,-88.2232676559043,13298.0,0.0,Ford,Ford County,IL
17055,37.99227784328794,-88.92413921241818,38995.0,1.0,Franklin,Franklin County,IL
17057,40.47275593763936,-90.20747015732876,35104.0,1.0,Fulton,Fulton County,IL
17059,37.76270326529254,-88.23054404196999,5071.0,1.0,Gallatin,Gallatin County,IL
17061,39.35621514227963,-90.39046163062405,13156.0,1.0,Greene,Greene County,IL
17063,41.28511269257786,-88.41846868052207,50622.0,1.0,Grundy,Grundy County,IL
17065,38.08157620074429,-88.53912403035949,8181.0,0.0,Hamilton,Hamilton County,IL
17067,40.40374429862376,-91.16473334858458,17958.0,1.0,Hancock,Hancock County,IL
17069,37.51822879483774,-88.26683845241644,3922.0,1.0,Hardin,Hardin County,IL
17071,40.81802986915946,-90.92511014700086,6819.0,1.0,Henderson,Henderson County,IL
17073,41.35313740501577,-90.13143017371516,49219.0,1.0,Henry,Henry County,IL
17075,40.74723755851354,-87.82435704695598,27777.0,0.0,Iroquois,Iroquois County,IL
17077,37.78514417109203,-89.3821288649657,57904.0,1.0,Jackson,Jackson County,IL
17079,39.01002879922149,-88.15382268506684,9523.0,0.0,Jasper,Jasper County,IL
17081,38.30052480082834,-88.92399275503651,38045.0,0.0,Jefferson,Jefferson County,IL
17083,39.08568269748048,-90.35668648006268,21912.0,1.0,Jersey,Jersey County,IL
17085,42.36575464799678,-90.21249871694928,21495.0,0.0,Jo Daviess,Jo Daviess County,IL
17087,37.459629315302514,-88.88092569353789,12399.0,1.0,Johnson,Johnson County,IL
17089,41.93888273017396,-88.4286414557812,532272.0,0.0,Kane,Kane County,IL
17091,41.13770636320582,-87.86182303025822,110540.0,1.0,Kankakee,Kankakee County,IL
17093,41.59053607634068,-88.42884609041673,126152.0,1.0,Kendall,Kendall County,IL
17095,40.93180050972583,-90.21326800601088,50577.0,1.0,Knox,Knox County,IL
17097,42.3233696630132,-88.0036242587382,702475.0,0.0,Lake,Lake County,IL
00nan,,,,,,,
17101,38.71996147232048,-87.72675417092789,16027.0,0.0,Lawrence,Lawrence County,IL
17103,41.74619254382621,-89.30037713726006,34540.0,0.0,Lee,Lee County,IL
17105,40.89156823124877,-88.55771837988463,36124.0,1.0,Livingston,Livingston County,IL
17107,40.12455911616158,-89.36754275740601,29034.0,1.0,Logan,Logan County,IL
17109,40.45619880501375,-90.67791334147518,30373.0,1.0,McDonough,McDonough County,IL
17111,42.32445571025888,-88.45236680547698,307815.0,0.0,McHenry,McHenry County,IL
17113,40.490876201764,-88.84733254714853,172754.0,1.0,McLean,McLean County,IL
17115,39.85998526647504,-88.96160532502685,105399.0,0.0,Macon,Macon County,IL
17117,39.26100433901697,-89.92443170477162,45505.0,1.0,Macoupin,Macoupin County,IL
17119,38.829869514780135,-89.90513435488955,265251.0,1.0,Madison,Madison County,IL
17121,38.649593332094575,-88.91897994118351,37726.0,0.0,Marion,Marion County,IL
17123,41.03316517110176,-89.34475828364786,11668.0,1.0,Marshall,Marshall County,IL
17125,40.23965652353483,-89.91677236500713,13677.0,1.0,Mason,Mason County,IL
17127,37.21896984324482,-88.7077219383499,14291.0,1.0,Massac,Massac County,IL
17129,40.02739099556008,-89.80218838981777,12293.0,1.0,Menard,Menard County,IL
17131,41.20533158768844,-90.74144127134448,15608.0,1.0,Mercer,Mercer County,IL
17133,38.27854665158276,-90.1773729499511,34179.0,1.0,Monroe,Monroe County,IL
17135,39.23103204285851,-89.47888529858453,28781.0,0.0,Montgomery,Montgomery County,IL
17137,39.71556131156783,-90.20147064364572,34245.0,1.0,Morgan,Morgan County,IL
17139,39.64141619545735,-88.61930187446201,14701.0,0.0,Moultrie,Moultrie County,IL
17141,42.04264351259157,-89.32065380579881,50993.0,0.0,Ogle,Ogle County,IL
17143,40.7880546645269,-89.7599830923928,182525.0,1.0,Peoria,Peoria County,IL
17145,38.08376433363452,-89.36697943806375,21281.0,1.0,Perry,Perry County,IL
17147,40.01035586545455,-88.59110192220194,16422.0,0.0,Piatt,Piatt County,IL
17149,39.62249581740564,-90.88628245325408,15668.0,1.0,Pike,Pike County,IL
17151,37.41269939769205,-88.56150409660515,4183.0,1.0,Pope,Pope County,IL
17153,37.22288260373905,-89.12658246430118,5520.0,1.0,Pulaski,Pulaski County,IL
17155,41.20446134994855,-89.28584151177732,5694.0,1.0,Putnam,Putnam County,IL
17157,38.0521325836492,-89.82532189841197,32297.0,1.0,Randolph,Randolph County,IL
17159,38.71239139142605,-88.08510757638756,15837.0,0.0,Richland,Richland County,IL
17161,41.46731818881312,-90.56737908418744,143828.0,1.0,Rock Island,Rock Island County,IL
17163,38.47029941194235,-89.92839060106704,262600.0,1.0,St. Clair,St. Clair County,IL
17165,37.75319468767277,-88.54080046252423,23963.0,1.0,Saline,Saline County,IL
17167,39.75816439496376,-89.65887864263847,197072.0,1.0,Sangamon,Sangamon County,IL
17169,40.158028917637154,-90.61508104477257,6948.0,1.0,Schuyler,Schuyler County,IL
17171,39.6441203243668,-90.47469767113404,4983.0,1.0,Scott,Scott County,IL
17173,39.39112299392151,-88.80559172839952,21774.0,0.0,Shelby,Shelby County,IL
17175,41.09332490644165,-89.79751403593987,5457.0,1.0,Stark,Stark County,IL
17177,42.35171622183133,-89.66236348922878,44997.0,0.0,Stephenson,Stephenson County,IL
17179,40.50753261854621,-89.51341823052198,133489.0,1.0,Tazewell,Tazewell County,IL
17181,37.47123178828959,-89.25511246512927,16968.0,1.0,Union,Union County,IL
17183,40.183445416101215,-87.73284123146288,77689.0,0.0,Vermilion,Vermilion County,IL
17185,38.44600759820564,-87.84449820746885,11523.0,0.0,Wabash,Wabash County,IL
17187,40.84880898053935,-90.61500877698006,17144.0,1.0,Warren,Warren County,IL
17189,38.35216170741986,-89.41044645632435,13963.0,1.0,Washington,Washington County,IL
17191,38.42957360443307,-88.42562842128415,16412.0,0.0,Wayne,Wayne County,IL
17193,38.08741023856593,-88.17955687246352,13903.0,1.0,White,White County,IL
17195,41.756274891388806,-89.91409594911289,55955.0,0.0,Whiteside,Whiteside County,IL
17197,41.44503590746112,-87.97854481325315,690479.0,1.0,Will,Will County,IL
17199,37.73025419311814,-88.92991758511597,67049.0,1.0,Williamson,Williamson County,IL
17201,42.33625630274489,-89.16084351163444,284681.0,0.0,Winnebago,Winnebago County,IL
17203,40.78822660095659,-89.21114444195626,38670.0,1.0,Woodford,Woodford County,IL
18001,40.745655051248335,-84.9366158619308,35385.0,0.0,Adams,Adams County,IN
18003,41.0908844178418,-85.06657425900114,371723.0,0.0,Allen,Allen County,IN
18005,39.20595249887474,-85.89759281155193,82213.0,0.0,Bartholomew,Bartholomew County,IN
18007,40.60625531685453,-87.31093761870721,8631.0,0.0,Benton,Benton County,IN
18009,40.473637149416,-85.32482138292214,12028.0,0.0,Blackford,Blackford County,IN
18011,40.05079488703346,-86.46869897936092,65723.0,0.0,Boone,Boone County,IN
18013,39.19623155164186,-86.22737676893095,15010.0,0.0,Brown,Brown County,IN
18015,40.58284312675325,-86.56349418243298,20067.0,0.0,Carroll,Carroll County,IN
18017,40.76153986764884,-86.34598335434868,37828.0,0.0,Cass,Cass County,IN
18019,38.47731366261919,-85.70729604412338,116545.0,1.0,Clark,Clark County,IN
18021,39.39279542882983,-87.11576459254664,26167.0,0.0,Clay,Clay County,IN
18023,40.30169239351301,-86.47514550569281,32195.0,0.0,Clinton,Clinton County,IN
18025,38.29237168045315,-86.4517221114573,10535.0,1.0,Crawford,Crawford County,IN
18027,38.70243740049104,-87.07204524818482,33136.0,0.0,Daviess,Daviess County,IN
18029,39.14523292179883,-84.97331959194699,49564.0,1.0,Dearborn,Dearborn County,IN
18031,39.307001474391214,-85.50110907630223,26620.0,0.0,Decatur,Decatur County,IN
00nan,,,,,,,
18035,40.22754564680916,-85.39689993698767,115246.0,0.0,Delaware,Delaware County,IN
18037,38.36427027193592,-86.87980901679987,42538.0,1.0,Dubois,Dubois County,IN
18039,41.597387617866765,-85.85874778608294,204194.0,0.0,Elkhart,Elkhart County,IN
18041,39.64002907719432,-85.17876388409131,23154.0,0.0,Fayette,Fayette County,IN
18043,38.31903393209948,-85.90689649973288,77006.0,1.0,Floyd,Floyd County,IN
18045,40.120898390231886,-87.24197108216225,16419.0,0.0,Fountain,Fountain County,IN
18047,39.41486861871255,-85.06014364228795,22694.0,1.0,Franklin,Franklin County,IN
18049,41.046977625231584,-86.26353704266045,19995.0,0.0,Fulton,Fulton County,IN
18051,38.31188837108827,-87.58460608596376,33721.0,1.0,Gibson,Gibson County,IN
18053,40.51579979915063,-85.6547152482447,66305.0,0.0,Grant,Grant County,IN
18055,39.03636024736726,-86.96203241559587,32172.0,0.0,Greene,Greene County,IN
18057,40.07247960433558,-86.05202740212022,322933.0,0.0,Hamilton,Hamilton County,IN
18059,39.823556111368895,-85.77324509601476,74998.0,0.0,Hancock,Hancock County,IN
18061,38.19525910265289,-86.11147706130485,39777.0,1.0,Harrison,Harrison County,IN
18063,39.76951975685469,-86.5099697863767,163622.0,0.0,Hendricks,Hendricks County,IN
18065,39.93106319830469,-85.39642519959389,48170.0,0.0,Henry,Henry County,IN
18067,40.48360753227319,-86.1169593860795,82210.0,0.0,Howard,Howard County,IN
18069,40.8292194566336,-85.48813074500185,36222.0,0.0,Huntington,Huntington County,IN
18071,38.90641580015399,-86.0375338848462,43955.0,0.0,Jackson,Jackson County,IN
18073,41.022987480043206,-87.11611832958222,33424.0,1.0,Jasper,Jasper County,IN
18075,40.43795727811755,-85.00570497879892,20883.0,0.0,Jay,Jay County,IN
18077,38.78576638730044,-85.43852730599106,32013.0,1.0,Jefferson,Jefferson County,IN
18079,38.99691914076359,-85.62804537514694,27652.0,1.0,Jennings,Jennings County,IN
18081,39.48998207681478,-86.10161535741574,153820.0,0.0,Johnson,Johnson County,IN
18083,38.689031036739294,-87.41804864874794,37044.0,0.0,Knox,Knox County,IN
18085,41.244071683451565,-85.86072324091121,79026.0,0.0,Kosciusko,Kosciusko County,IN
00nan,,,,,,,
18089,41.41706139985166,-87.38208597800885,484601.0,1.0,Lake,Lake County,IN
00nan,,,,,,,
18093,38.84115715257217,-86.48345004227083,45592.0,0.0,Lawrence,Lawrence County,IN
18095,40.16161816894611,-85.71935930872587,129418.0,0.0,Madison,Madison County,IN
18097,39.78171162001004,-86.13846965401373,950537.0,0.0,Marion,Marion County,IN
18099,41.32484380847357,-86.26176713534016,46433.0,0.0,Marshall,Marshall County,IN
18101,38.70801538787369,-86.80307835305148,10181.0,0.0,Martin,Martin County,IN
18103,40.769456371656574,-86.04504973375286,35864.0,0.0,Miami,Miami County,IN
18105,39.1609165776847,-86.52313822433636,146638.0,0.0,Monroe,Monroe County,IN
18107,40.04039028413029,-86.89330263313062,38343.0,0.0,Montgomery,Montgomery County,IN
18109,39.48155369571878,-86.44625501804316,69793.0,0.0,Morgan,Morgan County,IN
18111,40.9558435349336,-87.39759183561543,14027.0,1.0,Newton,Newton County,IN
18113,41.39860403553759,-85.41750352943959,47329.0,0.0,Noble,Noble County,IN
18115,38.950037235924135,-84.96511082305489,5854.0,1.0,Ohio,Ohio County,IN
18117,38.54179057221896,-86.49506132380635,19423.0,1.0,Orange,Orange County,IN
18119,39.31279629344508,-86.83767900282288,20791.0,0.0,Owen,Owen County,IN
18121,39.77363336694433,-87.20637906469193,16907.0,0.0,Parke,Parke County,IN
18123,38.079645683963214,-86.63802527506621,18978.0,1.0,Perry,Perry County,IN
18125,38.3987836083349,-87.2321637130246,12315.0,1.0,Pike,Pike County,IN
18127,41.4605489193885,-87.06726427959998,168495.0,1.0,Porter,Porter County,IN
18129,38.0218410361168,-87.86839209768209,25569.0,1.0,Posey,Posey County,IN
18131,41.04185163152739,-86.69879581333377,12529.0,0.0,Pulaski,Pulaski County,IN
18133,39.66627482925015,-86.84499677877776,37363.0,0.0,Putnam,Putnam County,IN
18135,40.15758774298631,-85.0114427391063,24907.0,0.0,Randolph,Randolph County,IN
18137,39.1034772689839,-85.26237097313506,28428.0,1.0,Ripley,Ripley County,IN
18139,39.61996631403219,-85.46575251481501,16643.0,0.0,Rush,Rush County,IN
18141,41.61666193230158,-86.28986711131182,270057.0,1.0,St. Joseph,St. Joseph County,IN
18143,38.68507480492282,-85.74748000426261,23793.0,1.0,Scott,Scott County,IN
18145,39.5237157298483,-85.79165698121423,44367.0,0.0,Shelby,Shelby County,IN
18147,38.01418673646327,-87.00771008231393,20440.0,1.0,Spencer,Spencer County,IN
18149,41.28093471238444,-86.64763455276795,22935.0,1.0,Starke,Starke County,IN
18151,41.64389192508117,-85.00085918293705,34384.0,0.0,Steuben,Steuben County,IN
18153,39.08880190330117,-87.41477972016772,20700.0,0.0,Sullivan,Sullivan County,IN
18155,38.82618395564633,-85.03697688148057,10686.0,1.0,Switzerland,Switzerland County,IN
18157,40.38861979378914,-86.89405929127801,191199.0,0.0,Tippecanoe,Tippecanoe County,IN
18159,40.31134431513603,-86.05185146852709,15137.0,0.0,Tipton,Tipton County,IN
18161,39.62559477637996,-84.92513790104023,7159.0,0.0,Union,Union County,IN
18163,38.02525244774655,-87.58583574359245,180954.0,1.0,Vanderburgh,Vanderburgh County,IN
18165,39.8537992679961,-87.46397607568824,15503.0,0.0,Vermillion,Vermillion County,IN
18167,39.43065821937581,-87.38993026363354,107569.0,0.0,Vigo,Vigo County,IN
18169,40.84564372341004,-85.79399877145016,31380.0,0.0,Wabash,Wabash County,IN
18171,40.34693518847448,-87.35329537781654,8204.0,0.0,Warren,Warren County,IN
18173,38.09223902174018,-87.27209735792472,62401.0,1.0,Warrick,Warrick County,IN
18175,38.59998379212016,-86.1052977901271,27771.0,1.0,Washington,Washington County,IN
18177,39.8643823553559,-85.00983824347368,66179.0,0.0,Wayne,Wayne County,IN
18179,40.72918907332118,-85.22119400261002,27958.0,0.0,Wells,Wells County,IN
18181,40.74975960357019,-86.8654844372822,24163.0,0.0,White,White County,IN
18183,41.13938043632151,-85.50512032038068,33722.0,0.0,Whitley,Whitley County,IN
19001,41.33074336985918,-94.47097103061138,7051.0,0.0,Adair,Adair County,IA
19003,41.02897488751613,-94.6991712764364,3657.0,0.0,Adams,Adams County,IA
19005,43.284282431315305,-91.3780520630555,13803.0,0.0,Allamakee,Allamakee County,IA
19007,40.74317084504155,-92.86862751406306,12353.0,0.0,Appanoose,Appanoose County,IA
19009,41.684602025452975,-94.90581787645112,5550.0,0.0,Audubon,Audubon County,IA
19011,42.08019753182415,-92.06570874720823,25656.0,0.0,Benton,Benton County,IA
19013,42.47009385693907,-92.30882943761708,132238.0,0.0,Black Hawk,Black Hawk County,IA
19015,42.03651296175904,-93.93163774812196,26443.0,0.0,Boone,Boone County,IA
19017,42.77458243910476,-92.31804757841692,24823.0,0.0,Bremer,Bremer County,IA
19019,42.47078380311619,-91.83784152568552,21126.0,0.0,Buchanan,Buchanan County,IA
19021,42.73549639754231,-95.1511346187624,20144.0,0.0,Buena Vista,Buena Vista County,IA
19023,42.731568507973805,-92.79018091732182,14592.0,0.0,Butler,Butler County,IA
19025,42.38518906089296,-94.64039337235474,9729.0,0.0,Calhoun,Calhoun County,IA
19027,42.03620793530984,-94.86056596398414,20274.0,0.0,Carroll,Carroll County,IA
19029,41.33149997668492,-94.92783946817669,13144.0,0.0,Cass,Cass County,IA
19031,41.77231228203001,-91.13242204174854,18490.0,0.0,Cedar,Cedar County,IA
19033,43.08155753105662,-93.26081363534202,42999.0,0.0,Cerro Gordo,Cerro Gordo County,IA
19035,42.73561547080992,-95.62381647754611,11307.0,0.0,Cherokee,Cherokee County,IA
19037,43.06004800568657,-92.31766016218482,12002.0,0.0,Chickasaw,Chickasaw County,IA
19039,41.02901906949029,-93.78515896451567,9396.0,0.0,Clarke,Clarke County,IA
19041,43.08257211888154,-95.15093626070752,16141.0,0.0,Clay,Clay County,IA
19043,42.84472060791335,-91.34142964039032,17648.0,0.0,Clayton,Clayton County,IA
19045,41.89803167746915,-90.53197185752568,46874.0,0.0,Clinton,Clinton County,IA
19047,42.03720812700004,-95.38198251739692,17076.0,0.0,Crawford,Crawford County,IA
19049,41.68486729988557,-94.03977327858472,87208.0,0.0,Dallas,Dallas County,IA
19051,40.74769572316266,-92.40971505089766,8969.0,1.0,Davis,Davis County,IA
19053,40.737698365674895,-93.78628350486696,7947.0,0.0,Decatur,Decatur County,IA
19055,42.47119581773654,-91.36734628575547,17143.0,0.0,Delaware,Delaware County,IA
19057,40.9231782727461,-91.18147833256802,39326.0,1.0,Des Moines,Des Moines County,IA
19059,43.37791095821516,-95.15088080785756,17141.0,0.0,Dickinson,Dickinson County,IA
19061,42.46882469781755,-90.88246795115334,97066.0,0.0,Dubuque,Dubuque County,IA
19063,43.377943543605085,-94.678428603706,9422.0,0.0,Emmet,Emmet County,IA
19065,42.86261063758108,-91.84435558546863,19687.0,0.0,Fayette,Fayette County,IA
19067,43.0599326464129,-92.78900648463858,15767.0,0.0,Floyd,Floyd County,IA
19069,42.732543682725165,-93.26246998516471,10160.0,0.0,Franklin,Franklin County,IA
19071,40.74556759827586,-95.60467059848531,6930.0,0.0,Fremont,Fremont County,IA
19073,42.036239555620746,-94.39683824520633,8954.0,0.0,Greene,Greene County,IA
19075,42.40186532677648,-92.7914290086418,12298.0,0.0,Grundy,Grundy County,IA
19077,41.68374606349384,-94.50106212540652,10645.0,0.0,Guthrie,Guthrie County,IA
19079,42.383759022536445,-93.70678292283635,15032.0,0.0,Hamilton,Hamilton County,IA
19081,43.08190200196125,-93.73427071846125,10756.0,0.0,Hancock,Hancock County,IA
19083,42.3838738599108,-93.24040207752756,17073.0,0.0,Hardin,Hardin County,IA
19085,41.68286081692366,-95.81683844276216,14107.0,0.0,Harrison,Harrison County,IA
19087,40.98798752891682,-91.54454575212571,20044.0,1.0,Henry,Henry County,IA
19089,43.3567553629609,-92.31720477977134,9229.0,0.0,Howard,Howard County,IA
19091,42.77646312297941,-94.20717004142092,9569.0,0.0,Humboldt,Humboldt County,IA
19093,42.3868954309256,-95.51350091662148,6869.0,0.0,Ida,Ida County,IA
19095,41.6863195610558,-92.0654959784658,16133.0,0.0,Iowa,Iowa County,IA
19097,42.17174598732394,-90.57424612206871,19382.0,0.0,Jackson,Jackson County,IA
19099,41.686028423349406,-93.05375372255357,36995.0,0.0,Jasper,Jasper County,IA
19101,41.031768221983015,-91.94889238267284,18219.0,1.0,Jefferson,Jefferson County,IA
19103,41.6715513251136,-91.58808091765717,149325.0,0.0,Johnson,Johnson County,IA
19105,42.12122822008373,-91.13142295858718,20618.0,0.0,Jones,Jones County,IA
19107,41.336455899033886,-92.1786391662452,10141.0,1.0,Keokuk,Keokuk County,IA
19109,43.20419709615398,-94.20671525288137,14939.0,0.0,Kossuth,Kossuth County,IA
19111,40.642000389910486,-91.47925456196094,34216.0,1.0,Lee,Lee County,IA
19113,42.07893434088956,-91.59895839421496,224379.0,0.0,Linn,Linn County,IA
19115,41.21852872547176,-91.25961940286612,11195.0,1.0,Louisa,Louisa County,IA
19117,41.0293962056531,-93.32774044847172,8533.0,0.0,Lucas,Lucas County,IA
19119,43.38053225104393,-96.21022824598204,11785.0,0.0,Lyon,Lyon County,IA
19121,41.33071604128823,-94.01555091843817,16000.0,0.0,Madison,Madison County,IA
19123,41.33521449518587,-92.64090967484373,22211.0,1.0,Mahaska,Mahaska County,IA
19125,41.33444291312158,-93.09944720065155,33091.0,0.0,Marion,Marion County,IA
19127,42.03583433577182,-92.9987898232714,40078.0,0.0,Marshall,Marshall County,IA
19129,41.03342954108027,-95.62131783962224,15060.0,0.0,Mills,Mills County,IA
19131,43.35636379399147,-92.78901295943756,10563.0,0.0,Mitchell,Mitchell County,IA
19133,42.05164223700465,-95.95989013998114,8724.0,0.0,Monona,Monona County,IA
19135,41.02980047441971,-92.86899721461585,7798.0,1.0,Monroe,Monroe County,IA
19137,41.030147039540594,-95.15635733218627,10112.0,0.0,Montgomery,Montgomery County,IA
19139,41.483922700447366,-91.112693316469,42872.0,0.0,Muscatine,Muscatine County,IA
00nan,,,,,,,
19143,43.37857911936731,-95.62366732332052,6021.0,0.0,Osceola,Osceola County,IA
19145,40.73913726617941,-95.1501712056339,15213.0,0.0,Page,Page County,IA
19147,43.08208887809216,-94.67813195545536,9052.0,0.0,Palo Alto,Palo Alto County,IA
19149,42.73781264289367,-96.21413361391748,25060.0,0.0,Plymouth,Plymouth County,IA
19151,42.73416449443043,-94.6787442926654,6833.0,0.0,Pocahontas,Pocahontas County,IA
19153,41.68549749147214,-93.57353243147006,480487.0,0.0,Polk,Polk County,IA
19155,41.336624546856456,-95.54229519252158,93416.0,0.0,Pottawattamie,Pottawattamie County,IA
19157,41.68644251646815,-92.53145244529416,18334.0,0.0,Poweshiek,Poweshiek County,IA
19159,40.73516876168599,-94.24398481850774,5024.0,0.0,Ringgold,Ringgold County,IA
19161,42.386243476103935,-95.10535124161233,9803.0,0.0,Sac,Sac County,IA
19163,41.63709272492464,-90.62323628108275,172448.0,0.0,Scott,Scott County,IA
19165,41.68509135579381,-95.31017807728688,11574.0,0.0,Shelby,Shelby County,IA
19167,43.08263398494321,-96.1778552126258,34781.0,0.0,Sioux,Sioux County,IA
19169,42.03623055118935,-93.4650398830697,97278.0,0.0,Story,Story County,IA
19171,42.07981012889727,-92.53255388970209,17029.0,0.0,Tama,Tama County,IA
19173,40.7373934292115,-94.69639604480174,6095.0,0.0,Taylor,Taylor County,IA
19175,41.02773512942529,-94.24236111701586,12459.0,0.0,Union,Union County,IA
19177,40.75322161344766,-91.9499663897559,7155.0,1.0,Van Buren,Van Buren County,IA
19179,41.03058140574979,-92.40946563943928,35022.0,1.0,Wapello,Wapello County,IA
19181,41.3343693862869,-93.56135847681324,50078.0,0.0,Warren,Warren County,IA
19183,41.33560217819179,-91.7178694617288,22204.0,1.0,Washington,Washington County,IA
19185,40.73949996546957,-93.32736012291012,6492.0,0.0,Wayne,Wayne County,IA
19187,42.42794505535348,-94.18176741907004,36637.0,0.0,Webster,Webster County,IA
19189,43.37750917406975,-93.73412768101346,10573.0,0.0,Winnebago,Winnebago County,IA
19191,43.29062811293132,-91.84366117251145,20129.0,0.0,Winneshiek,Winneshiek County,IA
19193,42.38970632128875,-96.04478547290336,102132.0,0.0,Woodbury,Woodbury County,IA
19195,43.37737598617101,-93.26085343976553,7455.0,0.0,Worth,Worth County,IA
19197,42.73308365805415,-93.7351443142434,12765.0,0.0,Wright,Wright County,IA
20001,37.88572430091848,-95.30136152375712,12555.0,0.0,Allen,Allen County,KS
20003,38.21418090316906,-95.2933390603176,7833.0,0.0,Anderson,Anderson County,KS
20005,39.531751951328765,-95.31348727951348,16298.0,0.0,Atchison,Atchison County,KS
20007,37.22886081627078,-98.68481801065444,4570.0,0.0,Barber,Barber County,KS
20009,38.47895937471107,-98.75645299247836,26394.0,0.0,Barton,Barton County,KS
20011,37.85524428285949,-94.84933237064158,14609.0,0.0,Bourbon,Bourbon County,KS
20013,39.82648787568286,-95.56420760351776,9609.0,0.0,Brown,Brown County,KS
20015,37.7812367159536,-96.83904328793976,66845.0,0.0,Butler,Butler County,KS
20017,38.30203823244923,-96.59395308777346,2651.0,0.0,Chase,Chase County,KS
20019,37.15001998711601,-96.24539196199606,3315.0,0.0,Chautauqua,Chautauqua County,KS
20021,37.1693274961921,-94.84629022716594,20129.0,0.0,Cherokee,Cherokee County,KS
20023,39.78586987298051,-101.7312926388355,2684.0,0.0,Cheyenne,Cheyenne County,KS
20025,37.23550916591343,-99.82030112183776,1995.0,0.0,Clark,Clark County,KS
20027,39.34972916175768,-97.1651748107643,8006.0,0.0,Clay,Clay County,KS
20029,39.480295039486535,-97.64925875815848,8912.0,0.0,Cloud,Cloud County,KS
20031,38.23685368632385,-95.73411443689896,8228.0,0.0,Coffey,Coffey County,KS
20033,37.191262969466926,-99.27184408536138,1759.0,0.0,Comanche,Comanche County,KS
20035,37.23771313879822,-96.83753437152193,35297.0,0.0,Cowley,Cowley County,KS
20037,37.50734284599177,-94.85179418883448,38925.0,0.0,Crawford,Crawford County,KS
20039,39.784739821293975,-100.45993771771472,2863.0,0.0,Decatur,Decatur County,KS
20041,38.86649344947247,-97.15269801730086,18829.0,0.0,Dickinson,Dickinson County,KS
20043,39.78806042760995,-95.1467986915306,7657.0,0.0,Doniphan,Doniphan County,KS
20045,38.88466799093863,-95.29259106013194,120281.0,0.0,Douglas,Douglas County,KS
20047,37.887608953975565,-99.31217356804646,2873.0,0.0,Edwards,Edwards County,KS
20049,37.45368452483408,-96.24415186534311,2514.0,0.0,Elk,Elk County,KS
20051,38.91473981987205,-99.31725454581328,28735.0,0.0,Ellis,Ellis County,KS
20053,38.69664060328543,-98.20474736799416,6284.0,0.0,Ellsworth,Ellsworth County,KS
20055,38.04428054490221,-100.73700062579204,36720.0,0.0,Finney,Finney County,KS
20057,37.69171461331573,-99.8879602179229,34218.0,0.0,Ford,Ford County,KS
20059,38.56453059344575,-95.28594740248344,25631.0,0.0,Franklin,Franklin County,KS
20061,39.0023953098768,-96.75250999042622,33774.0,0.0,Geary,Geary County,KS
20063,38.91609434950953,-100.48296496105355,2622.0,0.0,Gove,Gove County,KS
20065,39.34972297275941,-99.88323246624977,2485.0,0.0,Graham,Graham County,KS
20067,37.56227637500815,-101.3080362587215,7490.0,0.0,Grant,Grant County,KS
20069,37.73818202756176,-100.4378836007286,6018.0,0.0,Gray,Gray County,KS
20071,38.48056391021059,-101.80604412409004,1226.0,0.0,Greeley,Greeley County,KS
20073,37.87782358287716,-96.2326132211416,6067.0,0.0,Greenwood,Greenwood County,KS
20075,37.99912300479694,-101.7912405694022,2616.0,0.0,Hamilton,Hamilton County,KS
20077,37.19162258456055,-98.0754831271809,5580.0,0.0,Harper,Harper County,KS
20079,38.04321605950494,-97.4272354266786,34373.0,0.0,Harvey,Harvey County,KS
20081,37.562230569190696,-100.87119043684189,4019.0,0.0,Haskell,Haskell County,KS
20083,38.087484649614666,-99.89792427469364,1863.0,0.0,Hodgeman,Hodgeman County,KS
20085,39.4168246354084,-95.7936687545212,13332.0,0.0,Jackson,Jackson County,KS
20087,39.23576288230507,-95.38343903947266,18932.0,0.0,Jefferson,Jefferson County,KS
20089,39.78473848514696,-98.21833124808369,2857.0,0.0,Jewell,Jewell County,KS
20091,38.88376554032996,-94.82231545355044,591305.0,0.0,Johnson,Johnson County,KS
20093,38.00025168442885,-101.31988976373876,3935.0,0.0,Kearny,Kearny County,KS
20095,37.558902020338905,-98.13633412381928,7275.0,0.0,Kingman,Kingman County,KS
20097,37.55822643677792,-99.28606686047104,2486.0,0.0,Kiowa,Kiowa County,KS
20099,37.19130625693605,-95.2975743587436,20129.0,0.0,Labette,Labette County,KS
20101,38.481331772967245,-100.4664240071682,1548.0,0.0,Lane,Lane County,KS
20103,39.19930728693998,-95.0379871002786,81109.0,0.0,Leavenworth,Leavenworth County,KS
20105,39.04531201217287,-98.20770493376985,3043.0,0.0,Lincoln,Lincoln County,KS
20107,38.21227709608165,-94.84298655852756,9697.0,0.0,Linn,Linn County,KS
20109,38.91730392390543,-101.14840955370263,2814.0,0.0,Logan,Logan County,KS
20111,38.45619845237337,-96.15264733219634,33257.0,0.0,Lyon,Lyon County,KS
20113,38.39165503379686,-97.64801973949832,28687.0,0.0,McPherson,McPherson County,KS
20115,38.35886521482619,-97.0968911613751,11945.0,0.0,Marion,Marion County,KS
20117,39.78356676290934,-96.52294060891872,9687.0,0.0,Marshall,Marshall County,KS
20119,37.238133084908895,-100.36624848945242,4230.0,0.0,Meade,Meade County,KS
20121,38.563532944694565,-94.83809581740522,33429.0,0.0,Miami,Miami County,KS
20123,39.39326636086788,-98.20936966011064,6137.0,0.0,Mitchell,Mitchell County,KS
20125,37.192518467561,-95.74287540671952,32390.0,0.0,Montgomery,Montgomery County,KS
20127,38.687421385716185,-96.64988802646016,5467.0,0.0,Morris,Morris County,KS
20129,37.19138844911042,-101.7992490583305,2747.0,0.0,Morton,Morton County,KS
20131,39.78341021010611,-96.01407978158385,10060.0,0.0,Nemaha,Nemaha County,KS
20133,37.55849877676137,-95.30679214003234,16094.0,0.0,Neosho,Neosho County,KS
20135,38.4794178383336,-99.9161501203549,2856.0,0.0,Ness,Ness County,KS
20137,39.78438518644386,-99.90348296578335,5421.0,0.0,Norton,Norton County,KS
20139,38.652322035256674,-95.72690659505945,15842.0,0.0,Osage,Osage County,KS
20141,39.35033345720564,-98.76794935475924,3539.0,0.0,Osborne,Osborne County,KS
20143,39.13253351366242,-97.65021021301216,5817.0,0.0,Ottawa,Ottawa County,KS
20145,38.18132147077474,-99.23671211019666,6665.0,0.0,Pawnee,Pawnee County,KS
20147,39.784565538677775,-99.34700732977696,5370.0,0.0,Phillips,Phillips County,KS
20149,39.37899863327025,-96.342367710063,23916.0,0.0,Pottawatomie,Pottawatomie County,KS
20151,37.64773018190871,-98.7396221993135,9500.0,0.0,Pratt,Pratt County,KS
20153,39.78518860345341,-101.07585003583996,2473.0,0.0,Rawlins,Rawlins County,KS
20155,37.95295608232404,-98.08598210068428,62714.0,0.0,Reno,Reno County,KS
20157,39.82776584353943,-97.65061662755868,4654.0,0.0,Republic,Republic County,KS
20159,38.34717216174613,-98.20098386747053,9563.0,0.0,Rice,Rice County,KS
20161,39.296567950586486,-96.73517296315836,73977.0,0.0,Riley,Riley County,KS
20163,39.350228003050695,-99.32501552397338,5055.0,0.0,Rooks,Rooks County,KS
20165,38.523127180633736,-99.30915336405032,3048.0,0.0,Rush,Rush County,KS
20167,38.91480794975173,-98.76238628064304,6930.0,0.0,Russell,Russell County,KS
20169,38.7838132194316,-97.64995571044838,54508.0,0.0,Saline,Saline County,KS
20171,38.48217638966791,-100.90685805268032,4928.0,0.0,Scott,Scott County,KS
20173,37.68476744843484,-97.4609882399198,513176.0,0.0,Sedgwick,Sedgwick County,KS
20175,37.19333006272352,-100.85134082552536,22245.0,0.0,Seward,Seward County,KS
20177,39.04151108616585,-95.7565211061366,178056.0,0.0,Shawnee,Shawnee County,KS
20179,39.35034975086609,-100.4418410050654,2526.0,0.0,Sheridan,Sheridan County,KS
20181,39.35144939654474,-101.7199859622031,5936.0,0.0,Sherman,Sherman County,KS
20183,39.785161522142765,-98.785461446224,3615.0,0.0,Smith,Smith County,KS
20185,38.030981144120354,-98.71742593869575,4186.0,0.0,Stafford,Stafford County,KS
20187,37.56300498469527,-101.78421666469306,2055.0,0.0,Stanton,Stanton County,KS
20189,37.19235464261729,-101.3120496255425,5551.0,0.0,Stevens,Stevens County,KS
20191,37.23731220625571,-97.47654293449594,23117.0,0.0,Sumner,Sumner County,KS
20193,39.35091851304842,-101.05556088560624,7821.0,0.0,Thomas,Thomas County,KS
20195,38.91430150698093,-99.87281878545475,2843.0,0.0,Trego,Trego County,KS
20197,38.95327693333716,-96.20499019797472,6832.0,0.0,Wabaunsee,Wabaunsee County,KS
20199,38.91668006808658,-101.76361543780372,1515.0,0.0,Wallace,Wallace County,KS
20201,39.784180880095136,-97.08753592494806,5479.0,0.0,Washington,Washington County,KS
20203,38.48207278122424,-101.34737826252272,2121.0,0.0,Wichita,Wichita County,KS
20205,37.55926241196987,-95.74342302641972,8707.0,0.0,Wilson,Wilson County,KS
20207,37.88668580293668,-95.74012324778502,3130.0,0.0,Woodson,Woodson County,KS
20209,39.11461541876216,-94.7645517836812,165087.0,0.0,Wyandotte,Wyandotte County,KS
21001,37.104166983390975,-85.28063158037808,19287.0,0.0,Adair,Adair County,KY
21003,36.75124860108874,-86.19041637205807,20903.0,0.0,Allen,Allen County,KY
21005,38.00391899253656,-84.99099549391327,22545.0,0.0,Anderson,Anderson County,KY
21007,37.05848159255518,-88.99925557273804,8018.0,1.0,Ballard,Ballard County,KY
21009,36.96558468856563,-85.93366442585678,43746.0,0.0,Barren,Barren County,KY
21011,38.14495267512692,-83.7426708976767,12381.0,0.0,Bath,Bath County,KY
21013,36.73064599952872,-83.67408276436716,26863.0,0.0,Bell,Bell County,KY
21015,38.96995701295082,-84.72799266555539,130952.0,1.0,Boone,Boone County,KY
21017,38.206739523516575,-84.21716135786318,20092.0,0.0,Bourbon,Bourbon County,KY
21019,38.35956015582547,-82.68777860597832,47808.0,0.0,Boyd,Boyd County,KY
21021,37.6243773281005,-84.86684550228176,29972.0,0.0,Boyle,Boyle County,KY
21023,38.688796372423184,-84.09014460966588,8285.0,0.0,Bracken,Bracken County,KY
21025,37.52161588200462,-83.32406420848379,12929.0,0.0,Breathitt,Breathitt County,KY
21027,37.77335712908215,-86.42931773063279,20131.0,1.0,Breckinridge,Breckinridge County,KY
21029,37.970073576910806,-85.69585985793663,80269.0,1.0,Bullitt,Bullitt County,KY
21031,37.20728529767965,-86.68162769183687,12778.0,0.0,Butler,Butler County,KY
21033,37.145407352474805,-87.86786422283971,12666.0,0.0,Caldwell,Caldwell County,KY
21035,36.62103516573015,-88.27224810688962,38832.0,0.0,Calloway,Calloway County,KY
21037,38.94651468787943,-84.37951741018958,92878.0,1.0,Campbell,Campbell County,KY
21039,36.85320002027001,-88.97098389359972,4788.0,1.0,Carlisle,Carlisle County,KY
21041,38.66784968264976,-85.12354561728206,10714.0,1.0,Carroll,Carroll County,KY
21043,38.31818280121788,-83.04954078890795,27214.0,0.0,Carter,Carter County,KY
21045,37.32232123387837,-84.92832465578039,15818.0,0.0,Casey,Casey County,KY
21047,36.89416762024288,-87.49045427591626,71024.0,0.0,Christian,Christian County,KY
21049,37.97082225855318,-84.14741693469932,35899.0,0.0,Clark,Clark County,KY
21051,37.15969468647856,-83.71464752350758,20251.0,0.0,Clay,Clay County,KY
21053,36.72744165280619,-85.13617382979241,10212.0,0.0,Clinton,Clinton County,KY
21055,37.35272444704678,-88.09719671265076,8999.0,0.0,Crittenden,Crittenden County,KY
21057,36.78659802517212,-85.38851028652896,6710.0,0.0,Cumberland,Cumberland County,KY
21059,37.73184715296296,-87.08723046385639,100461.0,1.0,Daviess,Daviess County,KY
21061,37.20879862721897,-86.23842222167913,12226.0,0.0,Edmonson,Edmonson County,KY
21063,38.11790163896256,-83.09761918375091,7493.0,0.0,Elliott,Elliott County,KY
21065,37.692444776569936,-83.96431116378281,14178.0,0.0,Estill,Estill County,KY
21067,38.04231919033206,-84.45871291502446,321964.0,0.0,Fayette,Fayette County,KY
21069,38.37011610699985,-83.69665698608458,14439.0,0.0,Fleming,Fleming County,KY
21071,37.557121258877245,-82.74570468462056,36296.0,0.0,Floyd,Floyd County,KY
21073,38.23914779632426,-84.87707219593581,50492.0,0.0,Franklin,Franklin County,KY
21075,36.55404202803439,-89.18736232078567,6163.0,1.0,Fulton,Fulton County,KY
21077,38.75684578826897,-84.85928470721491,8720.0,1.0,Gallatin,Gallatin County,KY
21079,37.63959793639784,-84.53766153352421,17449.0,0.0,Garrard,Garrard County,KY
21081,38.64881546129124,-84.6245828897047,24973.0,0.0,Grant,Grant County,KY
21083,36.72311469732119,-88.6511895481349,37190.0,1.0,Graves,Graves County,KY
21085,37.46081394821991,-86.34391519309199,26286.0,0.0,Grayson,Grayson County,KY
21087,37.26403523829242,-85.55312085929218,11036.0,0.0,Green,Green County,KY
21089,38.54568574039752,-82.92234930541764,35514.0,0.0,Greenup,Greenup County,KY
21091,37.841484815886304,-86.777907848559,8778.0,1.0,Hancock,Hancock County,KY
21093,37.69796206504886,-85.96344691441911,108161.0,1.0,Hardin,Hardin County,KY
21095,36.85694555537874,-83.21799374414397,26676.0,0.0,Harlan,Harlan County,KY
21097,38.44181899765087,-84.33135781728845,18735.0,0.0,Harrison,Harrison County,KY
21099,37.29992995661341,-85.88469140664189,18745.0,0.0,Hart,Hart County,KY
21101,37.79595851305947,-87.5730269007723,45867.0,1.0,Henderson,Henderson County,KY
21103,38.44846757927709,-85.11891879395662,15972.0,0.0,Henry,Henry County,KY
21105,36.678129569697646,-88.9761445546238,4518.0,1.0,Hickman,Hickman County,KY
21107,37.30883806506846,-87.54083643852834,45293.0,0.0,Hopkins,Hopkins County,KY
21109,37.41976558235232,-84.00575412095289,13422.0,0.0,Jackson,Jackson County,KY
21111,38.18713296980365,-85.65945822154484,769828.0,1.0,Jefferson,Jefferson County,KY
21113,37.8720714791172,-84.58095197831827,53259.0,0.0,Jessamine,Jessamine County,KY
21115,37.84664220488137,-82.83151506836782,22606.0,0.0,Johnson,Johnson County,KY
21117,38.93339573264406,-84.53331137723545,165608.0,1.0,Kenton,Kenton County,KY
21119,37.354048398988574,-82.95414278553565,15244.0,0.0,Knott,Knott County,KY
21121,36.89064772363846,-83.85404170696815,31444.0,0.0,Knox,Knox County,KY
21123,37.54579301743424,-85.69792693488714,14196.0,0.0,Larue,Larue County,KY
21125,37.11066848753904,-84.1178045644269,60317.0,0.0,Laurel,Laurel County,KY
21127,38.06786913058848,-82.73474048380197,15756.0,0.0,Lawrence,Lawrence County,KY
21129,37.59479834368638,-83.71618808852679,6602.0,0.0,Lee,Lee County,KY
21131,37.09406861934723,-83.3811275508591,10310.0,0.0,Leslie,Leslie County,KY
21133,37.12117486993986,-82.8553127990317,22303.0,0.0,Letcher,Letcher County,KY
21135,38.53158184034026,-83.37807507701679,13363.0,0.0,Lewis,Lewis County,KY
21137,37.45536988457837,-84.66084319274302,24495.0,0.0,Lincoln,Lincoln County,KY
21139,37.209624560194506,-88.35371997479255,9249.0,1.0,Livingston,Livingston County,KY
21141,36.85968523014746,-86.87891919399655,27003.0,0.0,Logan,Logan County,KY
21143,37.01910069903639,-88.08316019874877,8261.0,0.0,Lyon,Lyon County,KY
21145,37.05395743324653,-88.71265236936875,65364.0,1.0,McCracken,McCracken County,KY
21147,36.7371242323732,-84.48421688493559,17372.0,0.0,McCreary,McCreary County,KY
21149,37.52919028730211,-87.26361131475659,9216.0,1.0,McLean,McLean County,KY
21151,37.72018201640392,-84.27800348857815,91170.0,0.0,Madison,Madison County,KY
21153,37.70646765593288,-83.06491968753373,12519.0,0.0,Magoffin,Magoffin County,KY
21155,37.55253561861136,-85.26963594727567,19276.0,0.0,Marion,Marion County,KY
21157,36.88344079486146,-88.3293565132296,31318.0,1.0,Marshall,Marshall County,KY
21159,37.80160129773461,-82.51317972338565,11492.0,0.0,Martin,Martin County,KY
21161,38.59518639387623,-83.82408709096578,17192.0,0.0,Mason,Mason County,KY
21163,37.96965718472904,-86.21701730063592,28033.0,1.0,Meade,Meade County,KY
21165,37.94138623301843,-83.59886571081903,6465.0,0.0,Menifee,Menifee County,KY
21167,37.81103359797136,-84.87445366719207,21542.0,0.0,Mercer,Mercer County,KY
21169,36.99053101751967,-85.62922747620968,10093.0,0.0,Metcalfe,Metcalfe County,KY
21171,36.71215536163646,-85.71647837096316,10597.0,0.0,Monroe,Monroe County,KY
21173,38.03353497159163,-83.91315934229578,27913.0,0.0,Montgomery,Montgomery County,KY
21175,37.922283538427294,-83.25888259697183,13230.0,0.0,Morgan,Morgan County,KY
21177,37.215789613955,-87.14203303957699,30925.0,0.0,Muhlenberg,Muhlenberg County,KY
21179,37.805153193752126,-85.46595985738927,45591.0,0.0,Nelson,Nelson County,KY
21181,38.33555454440081,-84.01530115705063,7160.0,0.0,Nicholas,Nicholas County,KY
21183,37.47818306244669,-86.84888585418975,24116.0,0.0,Ohio,Ohio County,KY
21185,38.3994793807866,-85.44853686451565,66557.0,1.0,Oldham,Oldham County,KY
21187,38.519649172082175,-84.82810291654508,10794.0,0.0,Owen,Owen County,KY
21189,37.41919108898388,-83.68310202254004,4402.0,0.0,Owsley,Owsley County,KY
21191,38.69563700048997,-84.36025441797949,14602.0,0.0,Pendleton,Pendleton County,KY
21193,37.24429940335468,-83.2214713509338,26586.0,0.0,Perry,Perry County,KY
21195,37.4691036725788,-82.39577097726448,58905.0,0.0,Pike,Pike County,KY
21197,37.83112677738941,-83.82373372231326,12297.0,0.0,Powell,Powell County,KY
21199,37.10386539051191,-84.57725002048795,64314.0,0.0,Pulaski,Pulaski County,KY
21201,38.51881012755409,-84.05203266154003,2120.0,0.0,Robertson,Robertson County,KY
21203,37.36505457860064,-84.31601085925766,16778.0,0.0,Rockcastle,Rockcastle County,KY
21205,38.19625338653218,-83.42110672713578,24514.0,0.0,Rowan,Rowan County,KY
21207,36.991090642014505,-85.05865143331131,17723.0,0.0,Russell,Russell County,KY
21209,38.291552420396165,-84.58392527531369,54782.0,0.0,Scott,Scott County,KY
21211,38.21545088540255,-85.1947767550103,47209.0,1.0,Shelby,Shelby County,KY
21213,36.74194967107056,-86.58224188420284,18046.0,0.0,Simpson,Simpson County,KY
21215,38.03252017215665,-85.32782653951506,18619.0,1.0,Spencer,Spencer County,KY
21217,37.36646766294342,-85.32793188247064,25544.0,0.0,Taylor,Taylor County,KY
21219,36.83568227620855,-87.1792339557199,12177.0,0.0,Todd,Todd County,KY
21221,36.80635867581019,-87.87335278270685,14418.0,0.0,Trigg,Trigg County,KY
21223,38.61302924781453,-85.33748627208972,8521.0,1.0,Trimble,Trimble County,KY
21225,37.65846274228706,-87.94534416161981,14620.0,1.0,Union,Union County,KY
21227,36.9935734282066,-86.4238069638003,129074.0,0.0,Warren,Warren County,KY
21229,37.75338102639003,-85.17476689576358,11880.0,0.0,Washington,Washington County,KY
21231,36.801275293144016,-84.8286222693316,20628.0,0.0,Wayne,Wayne County,KY
21233,37.5184420714149,-87.68316602046876,13012.0,1.0,Webster,Webster County,KY
21235,36.75809361137031,-84.14518096370634,36074.0,0.0,Whitley,Whitley County,KY
21237,37.73931843780297,-83.49316467365308,7248.0,0.0,Wolfe,Wolfe County,KY
21239,38.0423862827215,-84.74360172194778,26385.0,0.0,Woodford,Woodford County,KY
22001,30.29053874045538,-92.41198705714848,62559.0,0.0,Acadia,Acadia Parish,LA
22003,30.652929555819224,-92.82791403998117,25583.0,1.0,Allen,Allen Parish,LA
22005,30.20355044436348,-90.91131253097696,123177.0,1.0,Ascension,Ascension Parish,LA
22007,29.900774416551453,-91.06257573950928,22568.0,1.0,Assumption,Assumption Parish,LA
22009,31.076237499562744,-92.0013845905785,40836.0,1.0,Avoyelles,Avoyelles Parish,LA
22011,30.648458660289283,-93.34336855210468,36847.0,0.0,Beauregard,Beauregard Parish,LA
22013,32.34717072866756,-93.05597977046476,13631.0,0.0,Bienville,Bienville Parish,LA
22015,32.67892388475741,-93.60504517723454,126959.0,0.0,Bossier,Bossier Parish,LA
22017,32.58007160064963,-93.88233088789652,245935.0,0.0,Caddo,Caddo Parish,LA
22019,30.22927403208222,-93.35801207856832,202466.0,1.0,Calcasieu,Calcasieu Parish,LA
22021,32.09229962633954,-92.11656166989552,9959.0,0.0,Caldwell,Caldwell Parish,LA
22023,29.87544480074847,-93.19381980873892,6944.0,1.0,Cameron,Cameron Parish,LA
22025,31.66617763363135,-91.84705912982508,9830.0,0.0,Catahoula,Catahoula Parish,LA
22027,32.822634586437026,-92.99576271685636,15953.0,0.0,Claiborne,Claiborne Parish,LA
22029,31.44585575886444,-91.6400695789172,19846.0,1.0,Concordia,Concordia Parish,LA
22031,32.05543483503864,-93.73724462989776,27267.0,0.0,De Soto,De Soto Parish,LA
22033,30.53825127616205,-91.09560009974076,444511.0,1.0,East Baton Rouge,East Baton Rouge Parish,LA
22035,32.73254409311743,-91.2350581795167,7111.0,1.0,East Carroll,East Carroll Parish,LA
22037,30.84510556307389,-91.04552487116972,19380.0,1.0,East Feliciana,East Feliciana Parish,LA
22039,30.728946587077992,-92.40589917872896,33663.0,1.0,Evangeline,Evangeline Parish,LA
22041,32.133215516173536,-91.6737735327838,20256.0,0.0,Franklin,Franklin Parish,LA
22043,31.599697556924305,-92.55950534278392,22296.0,1.0,Grant,Grant Parish,LA
22045,29.89653099672803,-91.72997257073688,71982.0,1.0,Iberia,Iberia Parish,LA
22047,30.25848389175908,-91.34934045274294,32906.0,1.0,Iberville,Iberville Parish,LA
22049,32.30205779857674,-92.5577847344344,15898.0,0.0,Jackson,Jackson Parish,LA
22051,29.78716890910509,-90.127390590502,436126.0,1.0,Jefferson,Jefferson Parish,LA
22053,30.267713074680707,-92.81413050208153,31480.0,0.0,Jefferson Davis,Jefferson Davis Parish,LA
22055,30.206750383586108,-92.06386307886162,241756.0,0.0,Lafayette,Lafayette Parish,LA
22057,29.566239434703597,-90.4257720267242,98123.0,1.0,Lafourche,Lafourche Parish,LA
00nan,,,,,,,
22061,32.60161923350608,-92.66483672627714,47471.0,0.0,Lincoln,Lincoln Parish,LA
22063,30.44014776868956,-90.72789384292398,137712.0,1.0,Livingston,Livingston Parish,LA
22065,32.3644018661534,-91.2426236666564,11342.0,1.0,Madison,Madison Parish,LA
22067,32.820215935135195,-91.80178763056918,25655.0,0.0,Morehouse,Morehouse Parish,LA
22069,31.72353921960016,-93.0962262017828,39042.0,1.0,Natchitoches,Natchitoches Parish,LA
22071,30.0686801930072,-89.9288319526455,391493.0,1.0,Orleans,Orleans Parish,LA
22073,32.47832042989654,-92.15486538645771,155841.0,0.0,Ouachita,Ouachita Parish,LA
22075,29.440523569892346,-89.60968052802595,23348.0,1.0,Plaquemines,Plaquemines Parish,LA
22077,30.70937889139314,-91.60078871258848,22164.0,1.0,Pointe Coupee,Pointe Coupee Parish,LA
22079,31.19862729064644,-92.53318888773568,131253.0,1.0,Rapides,Rapides Parish,LA
22081,32.09313295492966,-93.33986542407423,8527.0,0.0,Red River,Red River Parish,LA
22083,32.41780208722527,-91.7634804837961,20413.0,1.0,Richland,Richland Parish,LA
22085,31.564000563866067,-93.55459812197545,23909.0,0.0,Sabine,Sabine Parish,LA
22087,29.869255479417998,-89.5551533700775,46110.0,1.0,St. Bernard,St. Bernard Parish,LA
22089,29.905481395114336,-90.35819643255716,52620.0,1.0,St. Charles,St. Charles Parish,LA
22091,30.821990151994413,-90.71034116965092,10322.0,1.0,St. Helena,St. Helena Parish,LA
22093,30.0263032973775,-90.79633114690304,21380.0,1.0,St. James,St. James Parish,LA
22095,30.12646381008785,-90.47090062767931,43328.0,1.0,St. John the Baptist,St. John the Baptist Parish,LA
22097,30.59884688074672,-92.00585950399412,83535.0,1.0,St. Landry,St. Landry Parish,LA
22099,30.12908580928028,-91.6083024951164,54066.0,1.0,St. Martin,St. Martin Parish,LA
22101,29.704657180626658,-91.44315037726524,50708.0,1.0,St. Mary,St. Mary Parish,LA
22103,30.41024151446012,-89.95830848828312,255921.0,1.0,St. Tammany,St. Tammany Parish,LA
22105,30.62662973972356,-90.40567708457526,132353.0,1.0,Tangipahoa,Tangipahoa Parish,LA
22107,32.00171235444313,-91.34009984012582,4574.0,1.0,Tensas,Tensas Parish,LA
22109,29.41477332200901,-90.86634474573816,111823.0,1.0,Terrebonne,Terrebonne Parish,LA
22111,32.83184549593946,-92.3747935688493,22398.0,0.0,Union,Union Parish,LA
22113,29.846546477457967,-92.32380722277864,59936.0,1.0,Vermilion,Vermilion Parish,LA
22115,31.10831169267192,-93.18421089768457,49789.0,1.0,Vernon,Vernon Parish,LA
22117,30.853338139061613,-90.04044830341961,46649.0,0.0,Washington,Washington Parish,LA
22119,32.71346854675541,-93.3349754730605,39264.0,0.0,Webster,Webster Parish,LA
22121,30.463423685956137,-91.31273506684998,26184.0,1.0,West Baton Rouge,West Baton Rouge Parish,LA
22123,32.78850108624529,-91.45676842933192,10974.0,1.0,West Carroll,West Carroll Parish,LA
22125,30.87980392416759,-91.42000652568552,15371.0,1.0,West Feliciana,West Feliciana Parish,LA
22127,31.944255109822866,-92.63668786349147,14350.0,0.0,Winn,Winn Parish,LA
23001,44.16579116735529,-70.20647113686627,107399.0,0.0,Androscoggin,Androscoggin County,ME
23003,46.658916148515694,-68.59890427938251,67609.0,0.0,Aroostook,Aroostook County,ME
23005,43.84641236640572,-70.39879154473086,292181.0,1.0,Cumberland,Cumberland County,ME
23007,44.97402912535126,-70.44400571596917,29799.0,0.0,Franklin,Franklin County,ME
23009,44.66420988142456,-68.35858310858167,54539.0,0.0,Hancock,Hancock County,ME
23011,44.40910958548431,-69.76733299359292,121913.0,0.0,Kennebec,Kennebec County,ME
23013,44.1410420884896,-69.16856846620301,39759.0,0.0,Knox,Knox County,ME
23015,44.0663829500082,-69.54350444112357,34215.0,0.0,Lincoln,Lincoln County,ME
23017,44.49987252773404,-70.75660555690344,57534.0,0.0,Oxford,Oxford County,ME
23019,45.40063554464169,-68.64946106422917,151645.0,0.0,Penobscot,Penobscot County,ME
23021,45.83734209930727,-69.28459104204792,16804.0,0.0,Piscataquis,Piscataquis County,ME
23023,43.95977180425871,-69.85456687973297,35436.0,0.0,Sagadahoc,Sagadahoc County,ME
23025,45.51391101079926,-69.95890276811672,50351.0,0.0,Somerset,Somerset County,ME
23027,44.50275214781316,-69.14540893393051,39772.0,1.0,Waldo,Waldo County,ME
23029,45.03064160266785,-67.62877429611075,31374.0,0.0,Washington,Washington County,ME
23031,43.47821620171064,-70.7143764642734,204282.0,1.0,York,York County,ME
24001,39.621450400025545,-78.69761748858406,71352.0,0.0,Allegany,Allegany County,MD
24003,39.006466061795486,-76.60506538210704,571339.0,1.0,Anne Arundel,Anne Arundel County,MD
24005,39.462711465500426,-76.63929016051587,828645.0,1.0,Baltimore,Baltimore County,MD
24009,38.54336556276979,-76.56867544543752,91435.0,0.0,Calvert,Calvert County,MD
24011,38.871711917304246,-75.83155346393916,33096.0,0.0,Caroline,Caroline County,MD
24013,39.56288329181131,-77.02254604488652,167547.0,1.0,Carroll,Carroll County,MD
24015,39.57124103764157,-75.94073959021584,102394.0,0.0,Cecil,Cecil County,MD
24017,38.50729564896133,-76.99215734587617,159450.0,0.0,Charles,Charles County,MD
24019,38.482908996819525,-76.01254907418797,32105.0,0.0,Dorchester,Dorchester County,MD
24021,39.472230296911945,-77.39800577946184,250622.0,0.0,Frederick,Frederick County,MD
24023,39.52888601422445,-79.27293893642444,29242.0,0.0,Garrett,Garrett County,MD
24025,39.56109255353731,-76.31705599770282,251858.0,1.0,Harford,Harford County,MD
24027,39.25072292434874,-76.93118920580748,319251.0,1.0,Howard,Howard County,MD
24029,39.25453703727408,-76.039927749067,19442.0,0.0,Kent,Kent County,MD
24031,39.13633395051194,-77.20418259621562,1046822.0,0.0,Montgomery,Montgomery County,MD
00nan,,,,,,,
00nan,,,,,,,
00nan,,,,,,,
24039,38.115780489829575,-75.75175606599389,25896.0,0.0,Somerset,Somerset County,MD
24041,38.7713460172919,-76.09710010326235,37033.0,0.0,Talbot,Talbot County,MD
24043,39.60360616319716,-77.81395183569245,150169.0,0.0,Washington,Washington County,MD
24045,38.37329437265645,-75.62078290209489,102252.0,0.0,Wicomico,Wicomico County,MD
24047,38.21277854043627,-75.33400402893102,51659.0,0.0,Worcester,Worcester County,MD
24510,39.30508007670903,-76.61444278837071,610481.0,1.0,Baltimore,Baltimore city,MD
25001,41.7241786119771,-70.29149042162075,213581.0,0.0,Barnstable,Barnstable County,MA
25003,42.37070253634232,-73.20634782788257,126353.0,0.0,Berkshire,Berkshire County,MA
25005,41.79716360426722,-71.11437768001578,560941.0,0.0,Bristol,Bristol County,MA
25007,41.39608468988454,-70.65008761552188,17311.0,0.0,Dukes,Dukes County,MA
25009,42.67309258286114,-70.95195703005908,784453.0,0.0,Essex,Essex County,MA
25011,42.58309078386979,-72.59183040263754,70605.0,0.0,Franklin,Franklin County,MA
25013,42.1350991260701,-72.6315877236279,467705.0,0.0,Hampden,Hampden County,MA
25015,42.34015812137571,-72.66380073276615,161077.0,0.0,Hampshire,Hampshire County,MA
25017,42.4855798987702,-71.39179319591585,1603943.0,1.0,Middlesex,Middlesex County,MA
25019,41.28313945692872,-70.06919709003752,11205.0,0.0,Nantucket,Nantucket County,MA
25021,42.16068934080179,-71.21110788867831,700599.0,0.0,Norfolk,Norfolk County,MA
25023,41.95116081445634,-70.81141097627813,515461.0,1.0,Plymouth,Plymouth County,MA
25025,42.33358215329661,-71.07088491437378,800806.0,1.0,Suffolk,Suffolk County,MA
25027,42.35142194633372,-71.90774767467532,825749.0,0.0,Worcester,Worcester County,MA
26001,44.68540445723298,-83.59372661366879,10309.0,0.0,Alcona,Alcona County,MI
26003,46.40864026690141,-86.60396541629684,9144.0,0.0,Alger,Alger County,MI
26005,42.59127317715206,-85.88843866323577,116368.0,0.0,Allegan,Allegan County,MI
26007,45.03485675160669,-83.6258073375011,28428.0,1.0,Alpena,Alpena County,MI
26009,44.99907784913145,-85.14023476973901,23270.0,0.0,Antrim,Antrim County,MI
26011,44.06465090401928,-83.89398415014837,15014.0,0.0,Arenac,Arenac County,MI
26013,46.66262050098696,-88.36518561673331,8441.0,0.0,Baraga,Baraga County,MI
26015,42.59503952303413,-85.30895873611479,60682.0,0.0,Barry,Barry County,MI
26017,43.70799103939072,-83.99154305998053,104045.0,0.0,Bay,Bay County,MI
26019,44.63872337331235,-86.01553792284143,17624.0,0.0,Benzie,Benzie County,MI
26021,41.954677852655664,-86.41226759942245,154128.0,1.0,Berrien,Berrien County,MI
26023,41.916137910468834,-85.05902456387324,43375.0,0.0,Branch,Branch County,MI
26025,42.246542109924896,-85.00558500061062,134180.0,0.0,Calhoun,Calhoun County,MI
26027,41.91536111747416,-85.99348946327332,51481.0,0.0,Cass,Cass County,MI
26029,45.30215520411356,-85.12634185797592,26212.0,0.0,Charlevoix,Charlevoix County,MI
26031,45.44651949166066,-84.49990074041695,25454.0,0.0,Cheboygan,Cheboygan County,MI
26033,46.30527017878934,-84.5776876505816,37679.0,1.0,Chippewa,Chippewa County,MI
26035,43.98788421489769,-84.84784951433039,30565.0,0.0,Clare,Clare County,MI
26037,42.94366369814436,-84.60151722532484,78506.0,0.0,Clinton,Clinton County,MI
26039,44.68366237271217,-84.61029577233404,13906.0,0.0,Crawford,Crawford County,MI
26041,45.91911878044002,-86.92422759920845,35890.0,0.0,Delta,Delta County,MI
26043,46.00921603622152,-87.87030051448464,25424.0,0.0,Dickinson,Dickinson County,MI
26045,42.59607615427335,-84.83830296269966,109456.0,0.0,Eaton,Eaton County,MI
26047,45.52095802305456,-84.89079686224035,33081.0,0.0,Emmet,Emmet County,MI
26049,43.021720769260845,-83.70670933850482,407488.0,0.0,Genesee,Genesee County,MI
26051,43.990655942662514,-84.38827439134376,25241.0,0.0,Gladwin,Gladwin County,MI
26053,46.40889658850279,-89.69444359824891,15340.0,0.0,Gogebic,Gogebic County,MI
26055,44.66875923740299,-85.56048862467341,91791.0,0.0,Grand Traverse,Grand Traverse County,MI
26057,43.2927348787581,-84.60492495633049,40979.0,0.0,Gratiot,Gratiot County,MI
26059,41.8877845472305,-84.59294115893216,45820.0,0.0,Hillsdale,Hillsdale County,MI
26061,46.89776972451024,-88.68741070168876,36198.0,0.0,Houghton,Houghton County,MI
26063,43.83326898125614,-83.02379956976603,31306.0,0.0,Huron,Huron County,MI
26065,42.59709920499779,-84.37354629324938,292018.0,0.0,Ingham,Ingham County,MI
26067,42.94509633025322,-85.07460506474833,64284.0,0.0,Ionia,Ionia County,MI
26069,44.35584238825928,-83.63585213126896,25128.0,0.0,Iosco,Iosco County,MI
26071,46.20869189093703,-88.53054536007389,11105.0,0.0,Iron,Iron County,MI
26073,43.64060327353356,-84.84678651249584,71077.0,0.0,Isabella,Isabella County,MI
26075,42.24848871830658,-84.42342720768642,158563.0,0.0,Jackson,Jackson County,MI
26077,42.24546040752237,-85.5311856514125,262998.0,0.0,Kalamazoo,Kalamazoo County,MI
26079,44.68466839733204,-85.0902082336636,17571.0,0.0,Kalkaska,Kalkaska County,MI
26081,43.03215072871208,-85.54929373571494,649278.0,0.0,Kent,Kent County,MI
26083,47.62791242729662,-88.43455698913671,2085.0,0.0,Keweenaw,Keweenaw County,MI
26085,43.99010908386401,-85.80163237537198,11981.0,0.0,Lake,Lake County,MI
26087,43.090149064967925,-83.22178231209688,88122.0,0.0,Lapeer,Lapeer County,MI
26089,44.93858766897156,-85.81179899365917,21645.0,0.0,Leelanau,Leelanau County,MI
26091,41.89512250276229,-84.06638650712037,98427.0,1.0,Lenawee,Lenawee County,MI
26093,42.60291960544151,-83.91152694350644,189869.0,0.0,Livingston,Livingston County,MI
26095,46.47065993150977,-85.54436934032518,6370.0,0.0,Luce,Luce County,MI
26097,46.08022565318617,-85.0868448291361,10768.0,1.0,Mackinac,Mackinac County,MI
26099,42.69553685304525,-82.93225130064384,871364.0,1.0,Macomb,Macomb County,MI
26101,44.33300322086944,-86.0568238874599,24393.0,0.0,Manistee,Manistee County,MI
26103,46.431358092837904,-87.64158181050405,66493.0,1.0,Marquette,Marquette County,MI
26105,43.995173928311246,-86.24997324737228,28996.0,0.0,Mason,Mason County,MI
26107,43.64077252637672,-85.32459634914038,43258.0,0.0,Mecosta,Mecosta County,MI
26109,45.5800845462065,-87.5566016943202,22981.0,0.0,Menominee,Menominee County,MI
26111,43.64684113754597,-84.38811680336981,83314.0,0.0,Midland,Midland County,MI
26113,44.33738218972146,-85.09471653487999,15020.0,0.0,Missaukee,Missaukee County,MI
26115,41.92868794905928,-83.53749270805025,149449.0,1.0,Monroe,Monroe County,MI
26117,43.31095134718048,-85.15250821269225,63527.0,0.0,Montcalm,Montcalm County,MI
26119,45.02761099051589,-84.12722053676472,9233.0,0.0,Montmorency,Montmorency County,MI
26121,43.29124506248434,-86.15204677607517,173645.0,1.0,Muskegon,Muskegon County,MI
26123,43.55419018527081,-85.80092285636249,48320.0,0.0,Newaygo,Newaygo County,MI
26125,42.6603979437157,-83.38580989246445,1256016.0,1.0,Oakland,Oakland County,MI
26127,43.64093180691027,-86.26757816064415,26422.0,0.0,Oceana,Oceana County,MI
26129,44.33496372914927,-84.12644419285914,20882.0,0.0,Ogemaw,Ogemaw County,MI
26131,46.664446656892125,-89.31487718765759,5889.0,0.0,Ontonagon,Ontonagon County,MI
26133,43.98980736525633,-85.32528697037623,23267.0,0.0,Osceola,Osceola County,MI
26135,44.68176696731683,-84.12977083869964,8238.0,0.0,Oscoda,Oscoda County,MI
26137,45.02139171507872,-84.59896949078968,24528.0,0.0,Otsego,Otsego County,MI
26139,42.959848666118766,-85.99610113275753,286581.0,0.0,Ottawa,Ottawa County,MI
26141,45.34018523046544,-83.91759620875997,12742.0,1.0,Presque Isle,Presque Isle County,MI
26143,44.33556783519355,-84.61156802895987,23731.0,0.0,Roscommon,Roscommon County,MI
26145,43.335042041673496,-84.05316962608013,191965.0,0.0,Saginaw,Saginaw County,MI
26147,42.9340666067019,-82.6805387031992,159005.0,1.0,St. Clair,St. Clair County,MI
26149,41.91444552158226,-85.52776352695598,60710.0,0.0,St. Joseph,St. Joseph County,MI
26151,43.42359716649442,-82.82013549556152,41242.0,0.0,Sanilac,Sanilac County,MI
26153,46.1965566589158,-86.1996563073209,8013.0,1.0,Schoolcraft,Schoolcraft County,MI
26155,42.95373653276428,-84.1467275193921,68400.0,0.0,Shiawassee,Shiawassee County,MI
26157,43.46466367091178,-83.41703628181888,52815.0,0.0,Tuscola,Tuscola County,MI
26159,42.25130634793884,-86.01894501921268,75303.0,0.0,Van Buren,Van Buren County,MI
26161,42.25321851527561,-83.8387642734762,368807.0,1.0,Washtenaw,Washtenaw County,MI
26163,42.28185695821734,-83.28210347428039,1757217.0,1.0,Wayne,Wayne County,MI
26165,44.33833104214256,-85.5784410482513,33234.0,0.0,Wexford,Wexford County,MI
27001,46.60822524583758,-93.41541593020472,15792.0,0.0,Aitkin,Aitkin County,MN
27003,45.27325706550423,-93.24647746567386,350203.0,0.0,Anoka,Anoka County,MN
27005,46.93464881184908,-95.67396627657166,34082.0,0.0,Becker,Becker County,MN
27007,47.97377456991716,-94.9376797002777,46477.0,0.0,Beltrami,Beltrami County,MN
27009,45.69910640679904,-93.99883095946078,40135.0,0.0,Benton,Benton County,MN
27011,45.42610195502356,-96.41094242371622,5004.0,0.0,Big Stone,Big Stone County,MN
27013,44.03459285042268,-94.06702186621725,66916.0,0.0,Blue Earth,Blue Earth County,MN
27015,44.24213916646598,-94.72758952183428,25172.0,0.0,Brown,Brown County,MN
27017,46.59240865904885,-92.67703395952051,35509.0,1.0,Carlton,Carlton County,MN
27019,44.82079099319807,-93.80259916607162,102118.0,0.0,Carver,Carver County,MN
27021,46.94959478877931,-94.32537202854418,29324.0,0.0,Cass,Cass County,MN
27023,45.02233238946664,-95.56668759122016,11944.0,0.0,Chippewa,Chippewa County,MN
27025,45.50246669252452,-92.90832701146152,55257.0,0.0,Chisago,Chisago County,MN
27027,46.892352732230336,-96.4906539717824,63766.0,0.0,Clay,Clay County,MN
27029,47.577541947607045,-95.379025631394,8845.0,0.0,Clearwater,Clearwater County,MN
27031,47.902567375950014,-90.53463529033765,5411.0,0.0,Cook,Cook County,MN
27033,44.007116720292935,-95.1811926177748,11249.0,0.0,Cottonwood,Cottonwood County,MN
27035,46.48244580090744,-94.07090088362312,64278.0,0.0,Crow Wing,Crow Wing County,MN
27037,44.67187038521529,-93.06543642109496,421518.0,1.0,Dakota,Dakota County,MN
27039,44.02260529350138,-92.86205037205649,20696.0,0.0,Dodge,Dodge County,MN
27041,45.93371833589553,-95.4535231366325,37520.0,0.0,Douglas,Douglas County,MN
27043,43.67392015839622,-93.94793054239456,13768.0,0.0,Faribault,Faribault County,MN
27045,43.67394829379386,-92.0901618354638,20980.0,0.0,Fillmore,Fillmore County,MN
27047,43.67380949332193,-93.34882234921392,30582.0,0.0,Freeborn,Freeborn County,MN
27049,44.40986631351842,-92.72257217453576,46307.0,0.0,Goodhue,Goodhue County,MN
27051,45.9340522996504,-96.01217354123855,5916.0,0.0,Grant,Grant County,MN
27053,45.00457452233764,-93.47688668408225,1247847.0,1.0,Hennepin,Hennepin County,MN
27055,43.67143646701543,-91.49288529244193,18677.0,0.0,Houston,Houston County,MN
27057,47.10864242646765,-94.9166383965354,20965.0,0.0,Hubbard,Hubbard County,MN
27059,45.56148661872202,-93.2951267667703,39543.0,0.0,Isanti,Isanti County,MN
27061,47.50951438271588,-93.63197749438665,45088.0,0.0,Itasca,Itasca County,MN
27063,43.6741186053394,-95.15401900751738,9965.0,0.0,Jackson,Jackson County,MN
27065,45.94518359560832,-93.293373214005,16060.0,0.0,Kanabec,Kanabec County,MN
27067,45.15236884356376,-95.00471728099474,42778.0,0.0,Kandiyohi,Kandiyohi County,MN
27069,48.7766395656037,-96.78285830315258,4261.0,0.0,Kittson,Kittson County,MN
27071,48.24530429077499,-93.7833584909922,12506.0,0.0,Koochiching,Koochiching County,MN
27073,44.99547481983412,-96.17351162851104,6683.0,0.0,Lac qui Parle,Lac qui Parle County,MN
27075,47.64093905137345,-91.44574541986395,10493.0,1.0,Lake,Lake County,MN
27077,48.771249470285866,-94.9045671696224,3727.0,0.0,Lake of the Woods,Lake of the Woods County,MN
27079,44.37143256242964,-93.73010136927547,28210.0,0.0,Le Sueur,Le Sueur County,MN
27081,44.41260789914664,-96.26711246697909,5665.0,0.0,Lincoln,Lincoln County,MN
27083,44.4135406135491,-95.83901535416528,25929.0,0.0,Lyon,Lyon County,MN
27085,44.82357083529939,-94.27239626036436,35876.0,0.0,McLeod,McLeod County,MN
27087,47.32530195033899,-95.80904548523937,5567.0,0.0,Mahnomen,Mahnomen County,MN
27089,48.35811283906217,-96.36851735210412,9361.0,0.0,Marshall,Marshall County,MN
27091,43.67431447443957,-94.5511658630633,19866.0,0.0,Martin,Martin County,MN
27093,45.12310953210355,-94.52731212069548,23047.0,0.0,Meeker,Meeker County,MN
27095,45.93803590453476,-93.63006983720722,25861.0,0.0,Mille Lacs,Mille Lacs County,MN
27097,46.01262148426473,-94.26838801936948,33084.0,0.0,Morrison,Morrison County,MN
27099,43.67142942921456,-92.75252641820238,39773.0,0.0,Mower,Mower County,MN
27101,44.022171348705285,-95.76326883307544,8332.0,0.0,Murray,Murray County,MN
27103,44.34988899648727,-94.24738093174231,34052.0,0.0,Nicollet,Nicollet County,MN
27105,43.67423841298689,-95.75335087707236,21671.0,0.0,Nobles,Nobles County,MN
27107,47.32646450751077,-96.45528643704098,6589.0,0.0,Norman,Norman County,MN
27109,44.00375459385742,-92.4017471055928,154727.0,0.0,Olmsted,Olmsted County,MN
27111,46.408801015902064,-95.70799393889764,58219.0,0.0,Otter Tail,Otter Tail County,MN
27113,48.066225715516126,-96.03667522269134,14178.0,0.0,Pennington,Pennington County,MN
27115,46.12075034592855,-92.74132564585652,29159.0,0.0,Pine,Pine County,MN
27117,44.02300591941151,-96.25864375618784,9157.0,0.0,Pipestone,Pipestone County,MN
27119,47.77385748156759,-96.40186501170264,31637.0,0.0,Polk,Polk County,MN
27121,45.58599574311224,-95.44450736230196,10988.0,0.0,Pope,Pope County,MN
27123,45.01705814918572,-93.09961209256926,544886.0,1.0,Ramsey,Ramsey County,MN
27125,47.871689867000114,-96.09534973773206,4009.0,0.0,Red Lake,Red Lake County,MN
27127,44.40365749741123,-95.25383875243855,15244.0,0.0,Redwood,Redwood County,MN
27129,44.72681383547325,-94.94711956025586,14693.0,0.0,Renville,Renville County,MN
27131,44.35425678389912,-93.29668268268637,66196.0,0.0,Rice,Rice County,MN
27133,43.67468368974373,-96.2531911200761,9459.0,0.0,Rock,Rock County,MN
27135,48.77511394007609,-95.81083477336496,15305.0,0.0,Roseau,Roseau County,MN
27137,47.60316380305733,-92.4706528601628,199778.0,1.0,St. Louis,St. Louis County,MN
27139,44.648465500920175,-93.53589453741064,145535.0,0.0,Scott,Scott County,MN
27141,45.44394270141384,-93.77459001778313,94476.0,0.0,Sherburne,Sherburne County,MN
27143,44.57950049540205,-94.2321326445204,14899.0,0.0,Sibley,Sibley County,MN
27145,45.55214609759047,-94.61301615380135,158301.0,0.0,Stearns,Stearns County,MN
27147,44.02234020084289,-93.22604633949337,36787.0,0.0,Steele,Steele County,MN
27149,45.58612373359036,-96.00030696699076,9706.0,0.0,Stevens,Stevens County,MN
27151,45.28268626014683,-95.68144160733256,9387.0,0.0,Swift,Swift County,MN
27153,46.070613584231054,-94.89759096244455,24526.0,0.0,Todd,Todd County,MN
27155,45.77217847124066,-96.47159115602554,3304.0,0.0,Traverse,Traverse County,MN
27157,44.28429397515272,-92.23027104810936,21590.0,0.0,Wabasha,Wabasha County,MN
27159,46.58576701187482,-94.96939424217764,13647.0,0.0,Wadena,Wadena County,MN
27161,44.02211712413036,-93.58727015264164,18713.0,0.0,Waseca,Waseca County,MN
27163,45.03869648042256,-92.883934998098,255464.0,1.0,Washington,Washington County,MN
27165,43.97843767055016,-94.61407412152276,10934.0,0.0,Watonwan,Watonwan County,MN
27167,46.35706126008062,-96.46832594799872,6322.0,0.0,Wilkin,Wilkin County,MN
27169,43.98684965515536,-91.77915650168812,50718.0,1.0,Winona,Winona County,MN
27171,45.17394652395004,-93.96304455022732,134205.0,0.0,Wright,Wright County,MN
27173,44.716249315745465,-95.86836259233084,9836.0,0.0,Yellow Medicine,Yellow Medicine County,MN
28001,31.482892189402047,-91.35354659218208,31462.0,0.0,Adams,Adams County,MS
28003,34.88080980775245,-88.58026265967466,37165.0,0.0,Alcorn,Alcorn County,MS
28005,31.17442642805415,-90.8044171167643,12448.0,0.0,Amite,Amite County,MS
28007,33.08627808220988,-89.58150798639454,18467.0,0.0,Attala,Attala County,MS
28009,34.817293501470786,-89.18846406492385,8255.0,0.0,Benton,Benton County,MS
28011,33.79558181465302,-90.88036125965698,31718.0,1.0,Bolivar,Bolivar County,MS
28013,33.936437119022365,-89.33645722175568,14508.0,0.0,Calhoun,Calhoun County,MS
28015,33.44852783070179,-89.92018424841955,10094.0,0.0,Carroll,Carroll County,MS
28017,33.92079496020521,-88.94785599583322,17144.0,0.0,Chickasaw,Chickasaw County,MS
28019,33.34730217837593,-89.24837993850889,8240.0,0.0,Choctaw,Choctaw County,MS
28021,31.97366598882726,-90.91177422340276,9026.0,1.0,Claiborne,Claiborne County,MS
28023,32.04138036314805,-88.68942929547545,15805.0,0.0,Clarke,Clarke County,MS
28025,33.65564619199056,-88.78155121555535,19621.0,0.0,Clay,Clay County,MS
28027,34.22918423978384,-90.6026839241202,23214.0,1.0,Coahoma,Coahoma County,MS
28029,31.869251819271444,-90.44877589640733,28528.0,0.0,Copiah,Copiah County,MS
28031,31.63318663171092,-89.55263300281827,19014.0,0.0,Covington,Covington County,MS
28033,34.87539235708273,-89.99182055708931,179005.0,1.0,DeSoto,DeSoto County,MS
28035,31.188880482880226,-89.25787405077088,75155.0,0.0,Forrest,Forrest County,MS
28037,31.477162782654865,-90.89791063275348,7754.0,0.0,Franklin,Franklin County,MS
28039,30.862583606374898,-88.64399568733415,23951.0,1.0,George,George County,MS
28041,31.21425044705959,-88.63915672876256,13529.0,0.0,Greene,Greene County,MS
28043,33.769901865951205,-89.80200056577722,21037.0,0.0,Grenada,Grenada County,MS
28045,30.41601420821544,-89.48851334010634,46949.0,0.0,Hancock,Hancock County,MS
28047,30.51184600772799,-89.11592522861393,204966.0,1.0,Harrison,Harrison County,MS
28049,32.26670356192074,-90.44285068124474,239929.0,1.0,Hinds,Hinds County,MS
28051,33.123535146670044,-90.09205557883688,17849.0,0.0,Holmes,Holmes County,MS
28053,33.12871395318169,-90.52662690616228,8333.0,0.0,Humphreys,Humphreys County,MS
28055,32.74140762855719,-90.98918614356532,1341.0,1.0,Issaquena,Issaquena County,MS
28057,34.279979994699936,-88.36130223197894,23499.0,0.0,Itawamba,Itawamba County,MS
28059,30.542297253885053,-88.63570055042658,142246.0,1.0,Jackson,Jackson County,MS
28061,32.01912850699506,-89.1188365512842,16574.0,0.0,Jasper,Jasper County,MS
28063,31.73427906203184,-91.03734217162403,7227.0,0.0,Jefferson,Jefferson County,MS
28065,31.569671869416883,-89.82301504478833,11284.0,0.0,Jefferson Davis,Jefferson Davis County,MS
28067,31.62255150107321,-89.16881298330459,68364.0,0.0,Jones,Jones County,MS
28069,32.75457293223329,-88.64115602063714,10093.0,0.0,Kemper,Kemper County,MS
28071,34.356725019762514,-89.48488866868213,54178.0,0.0,Lafayette,Lafayette County,MS
28073,31.205841783727,-89.50867742427863,61536.0,0.0,Lamar,Lamar County,MS
28075,32.40426903888813,-88.6625511873294,76309.0,0.0,Lauderdale,Lauderdale County,MS
28077,31.55017962704164,-90.10700026497024,12629.0,0.0,Lawrence,Lawrence County,MS
28079,32.753519685133234,-89.52402366378386,22819.0,0.0,Leake,Leake County,MS
28081,34.28991526500265,-88.68040630601278,85071.0,0.0,Lee,Lee County,MS
28083,33.55055062043274,-90.30107414385594,29292.0,0.0,Leflore,Leflore County,MS
28085,31.53239218078592,-90.4540072837303,34340.0,0.0,Lincoln,Lincoln County,MS
28087,33.47294136499276,-88.44331637001312,59147.0,0.0,Lowndes,Lowndes County,MS
28089,32.63472700093355,-90.03369665301051,104584.0,0.0,Madison,Madison County,MS
28091,31.230852804145098,-89.82243399840372,25108.0,0.0,Marion,Marion County,MS
28093,34.76228009864191,-89.50306093682826,35590.0,1.0,Marshall,Marshall County,MS
28095,33.892266576497285,-88.4804821647,35851.0,0.0,Monroe,Monroe County,MS
28097,33.4940832368474,-89.61636298685286,10143.0,0.0,Montgomery,Montgomery County,MS
28099,32.7534894520339,-89.1175523312211,29435.0,0.0,Neshoba,Neshoba County,MS
28101,32.40023894943416,-89.11879431787479,21396.0,0.0,Newton,Newton County,MS
28103,33.11015679275493,-88.56975390882482,10711.0,0.0,Noxubee,Noxubee County,MS
28105,33.42495696698111,-88.87933025264272,49678.0,0.0,Oktibbeha,Oktibbeha County,MS
28107,34.36390685109053,-89.95056422394775,34158.0,0.0,Panola,Panola County,MS
28109,30.768713371931028,-89.58965473416696,55255.0,0.0,Pearl River,Pearl River County,MS
28111,31.172033340092423,-88.99234358505511,12014.0,0.0,Perry,Perry County,MS
28113,31.174849978099413,-90.40417606743397,39510.0,0.0,Pike,Pike County,MS
28115,34.22543663077147,-89.03738856189905,31709.0,0.0,Pontotoc,Pontotoc County,MS
28117,34.61828496599847,-88.52007011925787,25215.0,0.0,Prentiss,Prentiss County,MS
28119,34.25139198459411,-90.28910620274202,7208.0,0.0,Quitman,Quitman County,MS
28121,32.26413074749334,-89.9457912827357,152904.0,0.0,Rankin,Rankin County,MS
28123,32.40638923327741,-89.5376303876471,28436.0,0.0,Scott,Scott County,MS
28125,32.879871099666,-90.81315445470962,4415.0,0.0,Sharkey,Sharkey County,MS
28127,31.91315924203706,-89.91950000750104,26905.0,0.0,Simpson,Simpson County,MS
28129,32.01768577391665,-89.5066791918426,16073.0,0.0,Smith,Smith County,MS
28131,30.78996735901088,-89.11766734497041,18593.0,1.0,Stone,Stone County,MS
28133,33.602298754180495,-90.58862266118828,26142.0,1.0,Sunflower,Sunflower County,MS
28135,33.95048171831266,-90.17322837116436,14094.0,0.0,Tallahatchie,Tallahatchie County,MS
28137,34.65032800964942,-89.94478508421456,28581.0,0.0,Tate,Tate County,MS
28139,34.76835434844314,-88.90889411493686,21953.0,0.0,Tippah,Tippah County,MS
28141,34.74039955574791,-88.23928994536466,19518.0,0.0,Tishomingo,Tishomingo County,MS
28143,34.651975622682734,-90.3755075810154,9984.0,1.0,Tunica,Tunica County,MS
28145,34.4904773698256,-89.00386208438239,28486.0,0.0,Union,Union County,MS
28147,31.148422201567392,-90.10613834031162,14505.0,0.0,Walthall,Walthall County,MS
28149,32.35726308785843,-90.85199697019284,46682.0,1.0,Warren,Warren County,MS
28151,33.2837811352022,-90.94748706787844,46197.0,1.0,Washington,Washington County,MS
28153,31.640788735257875,-88.69581525420847,20430.0,0.0,Wayne,Wayne County,MS
28155,33.61310405511038,-89.28480607917875,9732.0,0.0,Webster,Webster County,MS
28157,31.16107978984269,-91.31092616938838,8855.0,0.0,Wilkinson,Wilkinson County,MS
28159,33.088503727356965,-89.03441464717753,18237.0,0.0,Winston,Winston County,MS
28161,34.028160074994275,-89.707680480619,12449.0,0.0,Yalobusha,Yalobusha County,MS
28163,32.78033717565701,-90.3964362038652,28659.0,1.0,Yazoo,Yazoo County,MS
29001,40.19057911377885,-92.6007192107292,25429.0,1.0,Adair,Adair County,MO
29003,39.98350112626061,-94.80207064092744,17474.0,0.0,Andrew,Andrew County,MO
29005,40.43081915177135,-95.42808898266884,5243.0,0.0,Atchison,Atchison County,MO
29007,39.21574001333718,-91.8415630904891,25590.0,1.0,Audrain,Audrain County,MO
29009,36.70986249032181,-93.82905594349648,35631.0,0.0,Barry,Barry County,MO
29011,37.50232135007191,-94.34712549430674,11793.0,0.0,Barton,Barton County,MO
29013,38.25726136076847,-94.34002449363548,16293.0,0.0,Bates,Bates County,MO
29015,38.294853479867946,-93.28792743489882,19072.0,0.0,Benton,Benton County,MO
29017,37.32218379698652,-90.02592435038608,12280.0,1.0,Bollinger,Bollinger County,MO
29019,38.990615967730506,-92.30967502942924,178012.0,1.0,Boone,Boone County,MO
29021,39.65990099141061,-94.80611788609006,88660.0,0.0,Buchanan,Buchanan County,MO
29023,36.716420080529815,-90.4065787712196,42618.0,0.0,Butler,Butler County,MO
29025,39.65573778460925,-93.98269488929404,9059.0,0.0,Caldwell,Caldwell County,MO
29027,38.83552363405789,-91.92602234372436,44982.0,1.0,Callaway,Callaway County,MO
29029,38.02702601518423,-92.76604053194175,45473.0,0.0,Camden,Camden County,MO
29031,37.38402993905604,-89.68446567402778,78261.0,1.0,Cape Girardeau,Cape Girardeau County,MO
29033,39.4269898531605,-93.50517236693403,8779.0,0.0,Carroll,Carroll County,MO
29035,36.94123541979884,-90.96234521955758,6179.0,0.0,Carter,Carter County,MO
29037,38.64698539663024,-94.35489443055177,103477.0,0.0,Cass,Cass County,MO
29039,37.72386318299756,-93.85659902310836,14070.0,0.0,Cedar,Cedar County,MO
29041,39.51509563900586,-92.9626448364352,7457.0,0.0,Chariton,Chariton County,MO
29043,36.96956925486753,-93.18885720623454,85392.0,0.0,Christian,Christian County,MO
29045,40.4103379482862,-91.73835854071471,6720.0,1.0,Clark,Clark County,MO
29047,39.31050640349999,-94.42088591050936,242527.0,0.0,Clay,Clay County,MO
29049,39.60177217728706,-94.40458576028084,20551.0,0.0,Clinton,Clinton County,MO
29051,38.505411110331984,-92.2816309274453,76632.0,1.0,Cole,Cole County,MO
29053,38.84354767040894,-92.81010647802636,17647.0,0.0,Cooper,Cooper County,MO
29055,37.97635703876479,-91.30394012491791,24107.0,0.0,Crawford,Crawford County,MO
29057,37.43206661725081,-93.85027253700709,7586.0,0.0,Dade,Dade County,MO
29059,37.68041966525436,-93.02365446707084,16699.0,0.0,Dallas,Dallas County,MO
29061,39.96076262857176,-93.98549058886849,8358.0,0.0,Daviess,Daviess County,MO
29063,39.8931727549145,-94.40471641272214,12532.0,0.0,DeKalb,DeKalb County,MO
29065,37.60663646902809,-91.5079132105985,15497.0,0.0,Dent,Dent County,MO
29067,36.93259238114789,-92.49878909865453,13276.0,0.0,Douglas,Douglas County,MO
29069,36.272109809904855,-90.09091139424822,30121.0,1.0,Dunklin,Dunklin County,MO
29071,38.41111649360649,-91.07502644642376,103315.0,1.0,Franklin,Franklin County,MO
29073,38.44087534651458,-91.50792222772728,14683.0,0.0,Gasconade,Gasconade County,MO
29075,40.212067996681455,-94.40987607564584,6634.0,0.0,Gentry,Gentry County,MO
29077,37.25805528824687,-93.34199231811468,289512.0,0.0,Greene,Greene County,MO
29079,40.113925666966985,-93.5653361473899,9991.0,0.0,Grundy,Grundy County,MO
29081,40.354659741362646,-93.99205363922032,8506.0,0.0,Harrison,Harrison County,MO
29083,38.38517707739005,-93.79275668057817,21695.0,0.0,Henry,Henry County,MO
29085,37.94080424014797,-93.3207270452896,9395.0,0.0,Hickory,Hickory County,MO
29087,40.09441880571463,-95.21555675905014,4407.0,0.0,Holt,Holt County,MO
29089,39.14250043944092,-92.69627275237794,10066.0,0.0,Howard,Howard County,MO
29091,36.774025370009255,-91.88652833778724,40074.0,0.0,Howell,Howell County,MO
29093,37.55515291097731,-90.77347685423166,10181.0,0.0,Iron,Iron County,MO
29095,39.00847294743205,-94.34613423672177,698072.0,0.0,Jackson,Jackson County,MO
29097,37.20355714112768,-94.3406105482866,120048.0,0.0,Jasper,Jasper County,MO
29099,38.26106414867748,-90.53773274715796,223769.0,1.0,Jefferson,Jefferson County,MO
29101,38.7440612090517,-93.80641903370604,53735.0,0.0,Johnson,Johnson County,MO
29103,40.1282456215619,-92.14806748101994,3970.0,1.0,Knox,Knox County,MO
29105,37.65831818157073,-92.5903399509238,35418.0,0.0,Laclede,Laclede County,MO
29107,39.06555534803181,-93.78550182930914,32579.0,0.0,Lafayette,Lafayette County,MO
29109,37.10637643927874,-93.83295840221928,38256.0,0.0,Lawrence,Lawrence County,MO
29111,40.09687532487227,-91.72210603903488,9952.0,1.0,Lewis,Lewis County,MO
29113,39.05803650903539,-90.960068005356,56045.0,1.0,Lincoln,Lincoln County,MO
29115,39.87020554290928,-93.10719749786672,12168.0,0.0,Linn,Linn County,MO
29117,39.78211674305477,-93.5482730536538,15157.0,0.0,Livingston,Livingston County,MO
29119,36.62868798551589,-94.34833867890944,22722.0,0.0,McDonald,McDonald County,MO
29121,39.83078113066462,-92.5646130573152,15262.0,1.0,Macon,Macon County,MO
29123,37.47804673496675,-90.34502139066149,12230.0,1.0,Madison,Madison County,MO
29125,38.1616470566327,-91.92485745409076,8790.0,0.0,Maries,Maries County,MO
29127,39.80594502566159,-91.6224429230074,28585.0,1.0,Marion,Marion County,MO
29129,40.42234229925142,-93.568566033132,3656.0,0.0,Mercer,Mercer County,MO
29131,38.21450534405265,-92.42838372187713,25202.0,1.0,Miller,Miller County,MO
29133,36.82808878321484,-89.29114756940446,13594.0,1.0,Mississippi,Mississippi County,MO
29135,38.63275722736804,-92.58309196829777,16047.0,1.0,Moniteau,Moniteau County,MO
29137,39.49545125691079,-92.00072919227983,8596.0,1.0,Monroe,Monroe County,MO
29139,38.94145965563936,-91.47022826605684,11378.0,1.0,Montgomery,Montgomery County,MO
29141,38.42372202904157,-92.885989122535,20162.0,0.0,Morgan,Morgan County,MO
29143,36.59458687490174,-89.65174792529189,17544.0,1.0,New Madrid,New Madrid County,MO
29145,36.90550573846467,-94.33925608112276,58191.0,0.0,Newton,Newton County,MO
29147,40.36074453166567,-94.88344430071548,22401.0,0.0,Nodaway,Nodaway County,MO
29149,36.68664484718316,-91.40335409990809,10553.0,0.0,Oregon,Oregon County,MO
29151,38.46038518668484,-91.86182643040068,13658.0,1.0,Osage,Osage County,MO
29153,36.649312728911866,-92.44468675971108,9227.0,0.0,Ozark,Ozark County,MO
29155,36.21137914070346,-89.7853983042655,16783.0,1.0,Pemiscot,Pemiscot County,MO
29157,37.7071609980552,-89.8244473334797,19262.0,1.0,Perry,Perry County,MO
29159,38.728293755754784,-93.28509968127052,42445.0,0.0,Pettis,Pettis County,MO
29161,37.87716706764892,-91.79233708605663,44551.0,0.0,Phelps,Phelps County,MO
29163,39.34383003910034,-91.17137211137458,18557.0,1.0,Pike,Pike County,MO
29165,39.380464430831175,-94.77365308696656,101141.0,0.0,Platte,Platte County,MO
29167,37.61649871233062,-93.40053244699432,31742.0,0.0,Polk,Polk County,MO
29169,37.82458078384015,-92.20763840580707,51862.0,0.0,Pulaski,Pulaski County,MO
29171,40.4789133391298,-93.01616794575396,4778.0,0.0,Putnam,Putnam County,MO
29173,39.52768143031332,-91.52202861832797,10226.0,1.0,Ralls,Ralls County,MO
29175,39.44013311727608,-92.49708237787796,24899.0,1.0,Randolph,Randolph County,MO
29177,39.35238355873939,-93.9899187146272,22877.0,0.0,Ray,Ray County,MO
29179,37.36231942667532,-90.96909079213049,6260.0,0.0,Reynolds,Reynolds County,MO
29181,36.65280453241069,-90.8638246084425,13565.0,0.0,Ripley,Ripley County,MO
29183,38.78193884973447,-90.67486795022135,395130.0,1.0,St. Charles,St. Charles County,MO
29185,38.0371933900961,-93.77597542409318,9365.0,0.0,St. Clair,St. Clair County,MO
29186,37.89444495069898,-90.19451699048692,17792.0,1.0,Ste. Genevieve,Ste. Genevieve County,MO
29187,37.810244879447445,-90.47222997148256,66674.0,1.0,St. Francois,St. Francois County,MO
29189,38.640537563896494,-90.44337124478648,996227.0,1.0,St. Louis,St. Louis County,MO
29195,39.13684868934437,-93.2018423232156,22910.0,0.0,Saline,Saline County,MO
29197,40.47025907110185,-92.5209705757677,4518.0,1.0,Schuyler,Schuyler County,MO
29199,40.45259436581025,-92.147067337392,4948.0,1.0,Scotland,Scotland County,MO
29201,37.05304192676094,-89.56852165164894,38576.0,1.0,Scott,Scott County,MO
29203,37.15736713485487,-91.40046565267885,8235.0,0.0,Shannon,Shannon County,MO
29205,39.79776148099938,-92.0766084348077,5995.0,1.0,Shelby,Shelby County,MO
29207,36.85559852797652,-89.94430344070025,29364.0,1.0,Stoddard,Stoddard County,MO
29209,36.7469277502417,-93.45598943796048,31642.0,0.0,Stone,Stone County,MO
29211,40.21060076858144,-93.11149376647604,6212.0,0.0,Sullivan,Sullivan County,MO
29213,36.65476041961887,-93.0411351248814,55100.0,0.0,Taney,Taney County,MO
29215,37.31730204708614,-91.96504613599907,25650.0,0.0,Texas,Texas County,MO
29217,37.85057912208131,-94.34244091154856,20507.0,0.0,Vernon,Vernon County,MO
29219,38.76460076136475,-91.16066454115784,34448.0,0.0,Warren,Warren County,MO
29221,37.96168357792864,-90.87741372572265,24994.0,1.0,Washington,Washington County,MO
29223,37.112651128952685,-90.4614036365084,13303.0,0.0,Wayne,Wayne County,MO
29225,37.28089722726332,-92.8758749274082,38745.0,0.0,Webster,Webster County,MO
29227,40.479103311224414,-94.4221286024062,2041.0,0.0,Worth,Worth County,MO
29229,37.270153874849136,-92.4687157228858,18210.0,0.0,Wright,Wright County,MO
29510,38.63582492508096,-90.24511587024188,308233.0,1.0,St. Louis,St. Louis city,MO
30001,45.13283322508599,-112.89908443684637,9450.0,0.0,Beaverhead,Beaverhead County,MT
30003,45.42345788057342,-107.4897134922962,13483.0,0.0,Big Horn,Big Horn County,MT
30005,48.432679340831385,-108.95862045103485,6745.0,0.0,Blaine,Blaine County,MT
30007,46.33240396855078,-111.49549493382516,5917.0,0.0,Broadwater,Broadwater County,MT
30009,45.227374287594685,-109.02814312792984,10680.0,0.0,Carbon,Carbon County,MT
30011,45.51673802181742,-104.53614970628036,1223.0,0.0,Carter,Carter County,MT
30013,47.30796168909232,-111.34703258681937,81633.0,0.0,Cascade,Cascade County,MT
30015,47.880591450797006,-110.4352661330885,5732.0,0.0,Chouteau,Chouteau County,MT
30017,46.25267174320587,-105.5717381629576,11726.0,0.0,Custer,Custer County,MT
30019,48.78378908644692,-105.54854167840084,1722.0,0.0,Daniels,Daniels County,MT
30021,47.26638374097082,-104.89949124893845,8952.0,0.0,Dawson,Dawson County,MT
30023,46.06073014695036,-113.06792452707498,9100.0,0.0,Deer Lodge,Deer Lodge County,MT
30025,46.33398082640611,-104.41742205751784,3004.0,0.0,Fallon,Fallon County,MT
30027,47.26358126116328,-109.22445909857092,11281.0,0.0,Fergus,Fergus County,MT
30029,48.29514631538547,-114.04967018112438,100091.0,0.0,Flathead,Flathead County,MT
30031,45.54067787258828,-111.17045196636003,108576.0,0.0,Gallatin,Gallatin County,MT
30033,47.27761997000657,-106.99288614055168,1281.0,0.0,Garfield,Garfield County,MT
30035,48.705137755009,-112.9947366363747,13732.0,0.0,Glacier,Glacier County,MT
30037,46.381212402157374,-109.17516564302316,817.0,0.0,Golden Valley,Golden Valley County,MT
30039,46.40448580024749,-113.44036328728797,3356.0,0.0,Granite,Granite County,MT
30041,48.628225285486685,-110.1111866987938,16469.0,0.0,Hill,Hill County,MT
30043,46.14846226990938,-112.0938047967153,11921.0,0.0,Jefferson,Jefferson County,MT
30045,47.04543277014177,-110.26602632449836,1945.0,0.0,Judith Basin,Judith Basin County,MT
30047,47.645908916122806,-114.08936288087196,30221.0,0.0,Lake,Lake County,MT
30049,47.12244663928848,-112.39043586583196,67850.0,0.0,Lewis and Clark,Lewis and Clark County,MT
30051,48.56171647196179,-111.02457123048896,2407.0,0.0,Liberty,Liberty County,MT
30053,48.5424408871447,-115.40517978594636,19556.0,0.0,Lincoln,Lincoln County,MT
30055,47.64521192969179,-105.7954252702788,1698.0,0.0,McCone,McCone County,MT
30057,45.30069029135496,-111.92025771079408,8291.0,0.0,Madison,Madison County,MT
30059,46.59823468672469,-110.88571499034052,1852.0,0.0,Meagher,Meagher County,MT
30061,47.14729622676787,-114.9984631424735,4235.0,0.0,Mineral,Mineral County,MT
30063,47.03652298811417,-113.92371849219418,117834.0,0.0,Missoula,Missoula County,MT
30065,46.496586928273246,-108.39812756422118,4632.0,0.0,Musselshell,Musselshell County,MT
30067,45.488453072402855,-110.52644103039944,16386.0,0.0,Park,Park County,MT
30069,47.11754229920934,-108.25019646403364,512.0,0.0,Petroleum,Petroleum County,MT
30071,48.25918646252317,-107.91325142652656,4113.0,0.0,Phillips,Phillips County,MT
30073,48.227765043440826,-112.22634325263884,5968.0,0.0,Pondera,Pondera County,MT
30075,45.39505047958369,-105.63018869272872,1750.0,0.0,Powder River,Powder River County,MT
30077,46.85634842589406,-112.9361076080037,6789.0,0.0,Powell,Powell County,MT
30079,46.86050882066563,-105.37796850465556,1099.0,0.0,Prairie,Prairie County,MT
30081,46.081696146203136,-114.12068091641544,42524.0,0.0,Ravalli,Ravalli County,MT
30083,47.78791653352639,-104.56142223155452,11027.0,0.0,Richland,Richland County,MT
30085,48.29452165146283,-105.0164397913145,11160.0,0.0,Roosevelt,Roosevelt County,MT
30087,46.229688893322006,-106.73071055601126,9205.0,0.0,Rosebud,Rosebud County,MT
30089,47.67479601656761,-115.13323387672408,11689.0,0.0,Sanders,Sanders County,MT
30091,48.72123316917792,-104.50467321359508,3471.0,0.0,Sheridan,Sheridan County,MT
30093,45.90239930871056,-112.65673457103073,34811.0,0.0,Silver Bow,Silver Bow County,MT
30095,45.66903963570187,-109.39521024074452,9419.0,0.0,Stillwater,Stillwater County,MT
30097,45.813885415624064,-109.94103788866497,3676.0,0.0,Sweet Grass,Sweet Grass County,MT
30099,47.837115536522816,-112.24083372192948,6091.0,0.0,Teton,Teton County,MT
30101,48.65540012078599,-111.69564008577738,4860.0,0.0,Toole,Toole County,MT
30103,46.211453485541,-107.27163081484724,673.0,0.0,Treasure,Treasure County,MT
30105,48.36526500229831,-106.66746018946344,7402.0,0.0,Valley,Valley County,MT
30107,46.46629732052413,-109.84456856241452,2161.0,0.0,Wheatland,Wheatland County,MT
30109,46.9652559602083,-104.24899253732464,1018.0,0.0,Wibaux,Wibaux County,MT
30111,45.93734614650978,-108.27441076771044,159266.0,0.0,Yellowstone,Yellowstone County,MT
31001,40.52447627379735,-98.50120936512124,31808.0,0.0,Adams,Adams County,NE
31003,42.17690727862423,-98.0666857277061,6341.0,0.0,Antelope,Antelope County,NE
31005,41.56894337991416,-101.69580582451482,455.0,0.0,Arthur,Arthur County,NE
31007,41.54605130423128,-103.71051092905488,726.0,0.0,Banner,Banner County,NE
31009,41.91277946238025,-99.97682592042752,479.0,0.0,Blaine,Blaine County,NE
31011,41.70678333741503,-98.06724245780238,5320.0,0.0,Boone,Boone County,NE
31013,42.21977717549077,-103.08570359074264,10835.0,0.0,Box Butte,Box Butte County,NE
31015,42.89969672225352,-98.7665423059373,1955.0,0.0,Boyd,Boyd County,NE
31017,42.42999839295072,-99.9294991728458,3000.0,0.0,Brown,Brown County,NE
31019,40.85515492195479,-99.07497814316986,49350.0,0.0,Buffalo,Buffalo County,NE
31021,41.851531511012425,-96.32861665594884,6531.0,0.0,Burt,Burt County,NE
31023,41.22607848979963,-97.13175696246395,8032.0,0.0,Butler,Butler County,NE
31025,40.9097115438558,-96.1408755970893,25935.0,0.0,Cass,Cass County,NE
31027,42.5992554317555,-97.25241393908888,8515.0,0.0,Cedar,Cedar County,NE
31029,40.52417880933324,-101.6979812803798,3928.0,0.0,Chase,Chase County,NE
31031,42.544986725713045,-101.11859469191396,5790.0,0.0,Cherry,Cherry County,NE
31033,41.21976889131341,-102.99495659590694,9644.0,0.0,Cheyenne,Cheyenne County,NE
31035,40.524438848597214,-98.05128514220658,6186.0,0.0,Clay,Clay County,NE
31037,41.57401084664914,-97.0864674690928,10700.0,0.0,Colfax,Colfax County,NE
31039,41.91639853173904,-96.78738587984375,8947.0,0.0,Cuming,Cuming County,NE
31041,41.39427395880939,-99.72615040602774,10869.0,0.0,Custer,Custer County,NE
31043,42.39113939623114,-96.56457323487102,20010.0,0.0,Dakota,Dakota County,NE
31045,42.71972042295089,-103.13544821787865,8888.0,0.0,Dawes,Dawes County,NE
31047,40.869944969837256,-99.8195850564478,23657.0,0.0,Dawson,Dawson County,NE
31049,41.111556153920425,-102.33378428012983,1861.0,0.0,Deuel,Deuel County,NE
31051,42.49320704147142,-96.86775807178029,5746.0,0.0,Dixon,Dixon County,NE
31053,41.577909544764495,-96.654014824083,36789.0,0.0,Dodge,Dodge County,NE
31055,41.29534649956364,-96.15430080805704,560733.0,0.0,Douglas,Douglas County,NE
31057,40.17620051868394,-101.68794739598594,1783.0,0.0,Dundy,Dundy County,NE
31059,40.52464820890049,-97.59651051507574,5561.0,0.0,Fillmore,Fillmore County,NE
31061,40.176329551878126,-98.95280210644644,2974.0,0.0,Franklin,Franklin County,NE
31063,40.53009413773288,-100.3941541202881,2623.0,0.0,Frontier,Frontier County,NE
31065,40.17644364940801,-99.91230964201766,4763.0,0.0,Furnas,Furnas County,NE
31067,40.26188993468661,-96.68944160809716,21621.0,0.0,Gage,Gage County,NE
31069,41.61940106906415,-102.335458377678,1890.0,0.0,Garden,Garden County,NE
31071,41.91434574455055,-98.9914118273609,1986.0,0.0,Garfield,Garfield County,NE
31073,40.5148173737546,-99.83070239702222,2028.0,0.0,Gosper,Gosper County,NE
31075,41.91497070098233,-101.74054369810972,649.0,0.0,Grant,Grant County,NE
31077,41.56743611643334,-98.5212160806684,2363.0,0.0,Greeley,Greeley County,NE
31079,40.87257783871407,-98.50216662464123,61201.0,0.0,Hall,Hall County,NE
31081,40.87303099016235,-98.0228574567554,9194.0,0.0,Hamilton,Hamilton County,NE
31083,40.17649190875214,-99.4046460197213,3415.0,0.0,Harlan,Harlan County,NE
31085,40.5247713173098,-101.06186113679192,893.0,0.0,Hayes,Hayes County,NE
31087,40.17633760054593,-101.04225560693165,2806.0,0.0,Hitchcock,Hitchcock County,NE
31089,42.45571636627541,-98.78383797005657,10182.0,0.0,Holt,Holt County,NE
31091,41.91604891800609,-101.13529693542571,666.0,0.0,Hooker,Hooker County,NE
31093,41.22004561417933,-98.51710805238828,6396.0,0.0,Howard,Howard County,NE
31095,40.17572990514643,-97.14271392641152,7176.0,0.0,Jefferson,Jefferson County,NE
31097,40.39263235322488,-96.265084894374,5169.0,0.0,Johnson,Johnson County,NE
31099,40.50670327196982,-98.94801431581196,6492.0,0.0,Kearney,Kearney County,NE
31101,41.1988382119014,-101.66128212133852,8070.0,0.0,Keith,Keith County,NE
31103,42.87887591532898,-99.71239991842086,790.0,0.0,Keya Paha,Keya Paha County,NE
31105,41.19777612872175,-103.71492128658346,3568.0,0.0,Kimball,Kimball County,NE
31107,42.63681867109078,-97.89190471016444,8439.0,0.0,Knox,Knox County,NE
31109,40.784171818294354,-96.68775309564668,313772.0,0.0,Lancaster,Lancaster County,NE
31111,41.0477380900723,-100.7452940030198,35265.0,0.0,Lincoln,Lincoln County,NE
31113,41.566518213348616,-100.4828493063971,765.0,0.0,Logan,Logan County,NE
31115,41.91384730097646,-99.45438143047656,604.0,0.0,Loup,Loup County,NE
31117,41.56815121990697,-101.06051760911856,493.0,0.0,McPherson,McPherson County,NE
31119,41.91669520309081,-97.60076413748152,35132.0,0.0,Madison,Madison County,NE
31121,41.16903967496517,-98.03802046667508,7859.0,0.0,Merrick,Merrick County,NE
31123,41.716015308290416,-103.01061571233092,4796.0,0.0,Morrill,Morrill County,NE
31125,41.39732362304522,-97.99220398147288,3561.0,0.0,Nance,Nance County,NE
31127,40.387648609190336,-95.84983311775744,6957.0,0.0,Nemaha,Nemaha County,NE
31129,40.1763910274262,-98.0471938332903,4269.0,0.0,Nuckolls,Nuckolls County,NE
31131,40.64849953998742,-96.13476260763328,15956.0,0.0,Otoe,Otoe County,NE
31133,40.1314633966625,-96.23706172298664,2621.0,0.0,Pawnee,Pawnee County,NE
31135,40.85096782088787,-101.64979826459414,2886.0,0.0,Perkins,Perkins County,NE
31137,40.51110649395807,-99.4145481103624,9050.0,0.0,Phelps,Phelps County,NE
31139,42.26436078020036,-97.60130055656312,7093.0,0.0,Pierce,Pierce County,NE
31141,41.571296345510895,-97.5211391344846,33231.0,0.0,Platte,Platte County,NE
31143,41.18690435150938,-97.56842662167004,5309.0,0.0,Polk,Polk County,NE
31145,40.175831875722885,-100.4768725659487,10760.0,0.0,Red Willow,Red Willow County,NE
31147,40.12504311692543,-95.71754808724025,7971.0,0.0,Richardson,Richardson County,NE
31149,42.421301195827326,-99.4499197432467,1420.0,0.0,Rock,Rock County,NE
31151,40.52406611590108,-97.14092310488174,14365.0,0.0,Saline,Saline County,NE
31153,41.112906838029474,-96.1119514228031,181376.0,0.0,Sarpy,Sarpy County,NE
31155,41.226363492852485,-96.63737938186914,21032.0,0.0,Saunders,Saunders County,NE
31157,41.85058156967255,-103.70799111543744,36160.0,0.0,Scotts Bluff,Scotts Bluff County,NE
31159,40.872381551815074,-97.1395188591548,17203.0,0.0,Seward,Seward County,NE
31161,42.50473112386308,-102.40893911698228,5268.0,0.0,Sheridan,Sheridan County,NE
31163,41.22058314655638,-98.97621153331411,3074.0,0.0,Sherman,Sherman County,NE
31165,42.48763890963917,-103.75888384548809,1195.0,0.0,Sioux,Sioux County,NE
31167,41.91693522867944,-97.19391175523708,5974.0,0.0,Stanton,Stanton County,NE
31169,40.17624185001188,-97.59494236286,5034.0,0.0,Thayer,Thayer County,NE
31171,41.91359699665277,-100.5557940307806,722.0,0.0,Thomas,Thomas County,NE
31173,42.1582014495306,-96.5440292208245,7196.0,0.0,Thurston,Thurston County,NE
31175,41.56730795420611,-98.98185528138907,4227.0,0.0,Valley,Valley County,NE
31177,41.53106394858523,-96.22200507171702,20328.0,0.0,Washington,Washington County,NE
31179,42.20928640142196,-97.1192640483096,9213.0,0.0,Wayne,Wayne County,NE
31181,40.176440594850206,-98.49997126371954,3505.0,0.0,Webster,Webster County,NE
31183,41.91476706786512,-98.52818128079188,815.0,0.0,Wheeler,Wheeler County,NE
31185,40.87273372275072,-97.59710870117188,13762.0,0.0,York,York County,NE
32001,39.58091965031807,-118.33585389260732,24021.0,0.0,Churchill,Churchill County,NV
32003,36.21523781771886,-115.0135369680576,2181635.0,0.0,Clark,Clark County,NV
32005,38.91219221941847,-119.6163897829762,48030.0,0.0,Douglas,Douglas County,NV
32007,41.14578744286314,-115.35774175473809,52357.0,0.0,Elko,Elko County,NV
32009,37.7846125200598,-117.63228507532484,843.0,0.0,Esmeralda,Esmeralda County,NV
32011,39.98386445100022,-116.26858074123412,1946.0,0.0,Eureka,Eureka County,NV
32013,41.406835049931445,-118.11201824281588,16719.0,0.0,Humboldt,Humboldt County,NV
32015,39.933668209870895,-117.03802508419056,5579.0,0.0,Lander,Lander County,NV
32017,37.64332423629125,-114.87753967317649,5191.0,0.0,Lincoln,Lincoln County,NV
32019,39.02029075248366,-119.18912323452088,53895.0,0.0,Lyon,Lyon County,NV
32021,38.53876117660149,-118.4350840971486,4455.0,0.0,Mineral,Mineral County,NV
32023,38.042284360104055,-116.47186982544127,43977.0,0.0,Nye,Nye County,NV
32027,40.44042941396216,-118.40437377922504,6469.0,0.0,Pershing,Pershing County,NV
32029,39.44653394128499,-119.5291577881904,3976.0,0.0,Storey,Storey County,NV
32031,40.66548571737821,-119.66425291602224,456629.0,0.0,Washoe,Washoe County,NV
32033,39.44210850147729,-114.90154580225128,9651.0,0.0,White Pine,White Pine County,NV
32510,39.15115217093055,-119.74742579827895,54532.0,0.0,Carson City,Carson City,NV
33001,43.51790324664232,-71.42266957230657,60872.0,0.0,Belknap,Belknap County,NH
33003,43.87380741457741,-71.20309752553246,48132.0,0.0,Carroll,Carroll County,NH
33005,42.91934407839313,-72.2512079710929,75963.0,0.0,Cheshire,Cheshire County,NH
33007,44.689570261572,-71.30563479998192,31396.0,0.0,Coos,Coos County,NH
33009,43.94064677211377,-71.82076500243559,89853.0,0.0,Grafton,Grafton County,NH
33011,42.91533285156256,-71.71608220204305,413204.0,0.0,Hillsborough,Hillsborough County,NH
33013,43.297462571774375,-71.68024061629481,149830.0,0.0,Merrimack,Merrimack County,NH
33015,42.98757538437023,-71.12537080711647,306669.0,1.0,Rockingham,Rockingham County,NH
33017,43.29695700771356,-71.02884192112583,129841.0,0.0,Strafford,Strafford County,NH
33019,43.36134898563189,-72.22214579891781,43027.0,0.0,Sullivan,Sullivan County,NH
34001,39.4777399184983,-74.66097550228564,265498.0,1.0,Atlantic,Atlantic County,NJ
34003,40.95962243923446,-74.0742306959747,932420.0,1.0,Bergen,Bergen County,NJ
34005,39.87768484719907,-74.66804041013475,445610.0,1.0,Burlington,Burlington County,NJ
34007,39.80351645600184,-74.95975064822252,506224.0,1.0,Camden,Camden County,NJ
34009,39.148999341216935,-74.80020063094707,93129.0,1.0,Cape May,Cape May County,NJ
34011,39.37384029997171,-75.11075221884516,151423.0,1.0,Cumberland,Cumberland County,NJ
34013,40.78723259364885,-74.24704382801552,796349.0,1.0,Essex,Essex County,NJ
34015,39.7172572062272,-75.14141612892112,290961.0,1.0,Gloucester,Gloucester County,NJ
34017,40.73496747831137,-74.07775556604162,672826.0,1.0,Hudson,Hudson County,NJ
34019,40.56728536448837,-74.91225823599781,124712.0,1.0,Hunterdon,Hunterdon County,NJ
34021,40.28344177525769,-74.70175220988628,368168.0,1.0,Mercer,Mercer County,NJ
34023,40.43915323694162,-74.41170019711134,827363.0,1.0,Middlesex,Middlesex County,NJ
34025,40.26048119922929,-74.22097019841823,621990.0,1.0,Monmouth,Monmouth County,NJ
34027,40.861988589205694,-74.54452504426918,493920.0,1.0,Morris,Morris County,NJ
34029,39.885124174381424,-74.28090712592396,595424.0,1.0,Ocean,Ocean County,NJ
34031,41.03445200195419,-74.30084111187493,504402.0,1.0,Passaic,Passaic County,NJ
34033,39.58761282373981,-75.34904970231209,62883.0,1.0,Salem,Salem County,NJ
34035,40.56348770321897,-74.61634853469906,330573.0,1.0,Somerset,Somerset County,NJ
34037,41.13924982761421,-74.69089565365837,141197.0,0.0,Sussex,Sussex County,NJ
34039,40.66002118578643,-74.30850469777121,554738.0,1.0,Union,Union County,NJ
34041,40.857118653399176,-74.99727722725152,105715.0,0.0,Warren,Warren County,NJ
35001,35.05134131961813,-106.67015823787357,678203.0,0.0,Bernalillo,Bernalillo County,NM
35003,33.91521070181586,-108.40458794946768,3553.0,0.0,Catron,Catron County,NM
35005,33.36328707102877,-104.466915516059,65080.0,0.0,Chaves,Chaves County,NM
35006,34.91247761457317,-107.99978816457248,26921.0,0.0,Cibola,Cibola County,NM
35007,36.60613917919761,-104.64684033291572,12151.0,0.0,Colfax,Colfax County,NM
35009,34.574231821726926,-103.3469954700585,49794.0,0.0,Curry,Curry County,NM
00nan,,,,,,,
00nan,,,,,,,
35015,32.47148056688227,-104.30430409246198,57108.0,0.0,Eddy,Eddy County,NM
35017,32.73890796671686,-108.3824114244416,27642.0,0.0,Grant,Grant County,NM
35019,34.86330572264929,-104.79065638542852,4410.0,0.0,Guadalupe,Guadalupe County,NM
35021,35.85791973669145,-103.82026988899892,684.0,0.0,Harding,Harding County,NM
35023,31.9140368500477,-108.71476867831312,4298.0,0.0,Hidalgo,Hidalgo County,NM
35025,32.7920907028967,-103.41247623881108,69046.0,0.0,Lea,Lea County,NM
35027,33.74529553618538,-105.45929206290803,19468.0,0.0,Lincoln,Lincoln County,NM
35028,35.86937130824612,-106.307386284891,18742.0,0.0,Los Alamos,Los Alamos County,NM
35029,32.182245909643314,-107.74984307336894,24100.0,0.0,Luna,Luna County,NM
35031,35.580665101577885,-108.26179435292356,72423.0,0.0,McKinley,McKinley County,NM
35033,36.01032775391376,-104.94538341793027,4530.0,0.0,Mora,Mora County,NM
35035,32.613194566162605,-105.74146263791796,66121.0,0.0,Otero,Otero County,NM
35037,35.10430516384745,-103.54975550990277,8299.0,0.0,Quay,Quay County,NM
35039,36.50956926318632,-106.69313230823772,39235.0,0.0,Rio Arriba,Rio Arriba County,NM
35041,34.0211569735588,-103.48004078074013,18900.0,0.0,Roosevelt,Roosevelt County,NM
35043,35.68857594929251,-106.86594121840272,142689.0,0.0,Sandoval,Sandoval County,NM
35045,36.50852406224449,-108.32062185097836,126917.0,0.0,San Juan,San Juan County,NM
35047,35.4804816938676,-104.81593530054188,27715.0,0.0,San Miguel,San Miguel County,NM
35049,35.50650122404317,-105.9765329275886,149491.0,0.0,Santa Fe,Santa Fe County,NM
35051,33.13049577080387,-107.19240673504622,11064.0,0.0,Sierra,Sierra County,NM
35053,34.00717593353047,-106.9302384368004,16832.0,0.0,Socorro,Socorro County,NM
35055,36.57830052608789,-105.63096179417468,32790.0,0.0,Taos,Taos County,NM
35057,34.640460726911655,-105.850814757705,15535.0,0.0,Torrance,Torrance County,NM
35059,36.48160039091951,-103.47099919988192,4180.0,0.0,Union,Union County,NM
35061,34.71546849022534,-106.80902255702158,75884.0,0.0,Valencia,Valencia County,NM
36001,42.600176751602,-73.97355542101843,307717.0,1.0,Albany,Albany County,NY
36003,42.25740324478817,-78.02758878870073,46639.0,0.0,Allegany,Allegany County,NY
36005,40.8500213350202,-73.86598404125817,1440625.0,1.0,Bronx,Bronx County,NY
36007,42.16024982790015,-75.81961818949284,193100.0,0.0,Broome,Broome County,NY
36009,42.248599240396274,-78.6788545108727,77176.0,0.0,Cattaraugus,Cattaraugus County,NY
36011,42.91749763127294,-76.55450718450713,77457.0,0.0,Cayuga,Cayuga County,NY
36013,42.22816658766299,-79.36634146986532,128372.0,0.0,Chautauqua,Chautauqua County,NY
36015,42.14125607386832,-76.7600254463678,84736.0,0.0,Chemung,Chemung County,NY
36017,42.4935057199958,-75.6115920564473,47805.0,0.0,Chenango,Chenango County,NY
36019,44.746182096336526,-73.67816573186502,80531.0,0.0,Clinton,Clinton County,NY
36021,42.250081163938944,-73.63179668115156,60338.0,0.0,Columbia,Columbia County,NY
36023,42.59501365823196,-76.07027860398979,47815.0,0.0,Cortland,Cortland County,NY
36025,42.198066894052886,-74.96646642285612,45028.0,0.0,Delaware,Delaware County,NY
36027,41.76514664796815,-73.74285996117433,293545.0,0.0,Dutchess,Dutchess County,NY
36029,42.76395247418953,-78.73231583037337,919034.0,0.0,Erie,Erie County,NY
36031,44.11719869013724,-73.77261025006722,37487.0,0.0,Essex,Essex County,NY
36033,44.59286556083671,-74.30384138491739,50465.0,0.0,Franklin,Franklin County,NY
36035,43.11383502777524,-74.42215846014787,53802.0,0.0,Fulton,Fulton County,NY
36037,43.00093079422439,-78.19375658552433,57798.0,0.0,Genesee,Genesee County,NY
36039,42.27651367106724,-74.12272098144103,47442.0,0.0,Greene,Greene County,NY
36041,43.6611305457303,-74.4973760906355,4471.0,0.0,Hamilton,Hamilton County,NY
36043,43.4197071017149,-74.96252279802988,62163.0,0.0,Herkimer,Herkimer County,NY
36045,44.049444052077575,-75.92097954909889,113157.0,0.0,Jefferson,Jefferson County,NY
36047,40.63954151163374,-73.93852346426019,2594676.0,1.0,Kings,Kings County,NY
36049,43.78464502574147,-75.44885149060512,26605.0,0.0,Lewis,Lewis County,NY
36051,42.72806287560874,-77.77549349230762,63483.0,0.0,Livingston,Livingston County,NY
36053,42.91276686447956,-75.6696484765016,70942.0,0.0,Madison,Madison County,NY
36055,43.14644591865196,-77.696089557377,742724.0,0.0,Monroe,Monroe County,NY
36057,42.90228968087207,-74.43970627261639,49163.0,0.0,Montgomery,Montgomery County,NY
36059,40.73280247927971,-73.58640368094197,1357293.0,1.0,Nassau,Nassau County,NY
36061,40.77816419451484,-73.96749824554178,1630698.0,1.0,New York,New York County,NY
36063,43.20006163254131,-78.74524801592044,210848.0,0.0,Niagara,Niagara County,NY
36065,43.24173564183848,-75.43585098243555,230011.0,0.0,Oneida,Oneida County,NY
36067,43.005812674136365,-76.19463680960811,461795.0,0.0,Onondaga,Onondaga County,NY
36069,42.85284827535431,-77.29981870250053,109538.0,0.0,Ontario,Ontario County,NY
36071,41.40213596175907,-74.30554455920281,379758.0,0.0,Orange,Orange County,NY
36073,43.25207693462914,-78.23121230971235,40786.0,0.0,Orleans,Orleans County,NY
36075,43.42692385842953,-76.14136028204348,118427.0,0.0,Oswego,Oswego County,NY
36077,42.633751858259394,-75.03259726245432,59920.0,0.0,Otsego,Otsego County,NY
36079,41.426662817567134,-73.74948040926651,98856.0,0.0,Putnam,Putnam County,NY
36081,40.7022853684501,-73.82026719549587,2295808.0,1.0,Queens,Queens County,NY
36083,42.71107867270809,-73.50971822282516,159200.0,1.0,Rensselaer,Rensselaer County,NY
36085,40.58077351285669,-74.15238558427168,475671.0,1.0,Richmond,Richmond County,NY
36087,41.15237652277932,-74.02406184252278,324622.0,1.0,Rockland,Rockland County,NY
36089,44.4963920796743,-75.06908647954886,108699.0,0.0,St. Lawrence,St. Lawrence County,NY
36091,43.10737945152741,-73.86389776618233,229276.0,0.0,Saratoga,Saratoga County,NY
36093,42.818127409684486,-74.05857290330638,154710.0,0.0,Schenectady,Schenectady County,NY
36095,42.58821665768087,-74.44211424005411,31255.0,0.0,Schoharie,Schoharie County,NY
36097,42.39380391052364,-76.87517162586482,17913.0,0.0,Schuyler,Schuyler County,NY
36099,42.78105352965756,-76.8237825889805,34246.0,0.0,Seneca,Seneca County,NY
36101,42.26780843860188,-77.38378543198125,96360.0,0.0,Steuben,Steuben County,NY
36103,40.86860986426689,-72.84481230693065,1483358.0,1.0,Suffolk,Suffolk County,NY
36105,41.71642307147369,-74.76811703604427,74994.0,0.0,Sullivan,Sullivan County,NY
36107,42.170334521637855,-76.30634982330393,48609.0,0.0,Tioga,Tioga County,NY
36109,42.45202686105005,-76.47363747812672,102664.0,0.0,Tompkins,Tompkins County,NY
36111,41.88814105495264,-74.25855730229281,178635.0,0.0,Ulster,Ulster County,NY
36113,43.56096681584034,-73.84601672855445,64365.0,0.0,Warren,Warren County,NY
36115,43.31371304888923,-73.43075213952622,61559.0,0.0,Washington,Washington County,NY
36117,43.15663707675523,-77.02937262436089,90429.0,0.0,Wayne,Wayne County,NY
36119,41.16231730924246,-73.75606077965814,969689.0,1.0,Westchester,Westchester County,NY
36121,42.70236813261001,-78.22445615369543,40282.0,0.0,Wyoming,Wyoming County,NY
36123,42.63344943138025,-77.10546795181085,25002.0,0.0,Yates,Yates County,NY
37001,36.04371199245068,-79.39946240186323,163276.0,0.0,Alamance,Alamance County,NC
37003,35.92102572570151,-81.17702309637848,37143.0,0.0,Alexander,Alexander County,NC
37005,36.49128993725626,-81.12791043121734,10988.0,0.0,Alleghany,Alleghany County,NC
37007,34.97381294172713,-80.10269179968255,24829.0,0.0,Anson,Anson County,NC
37009,36.43447424866432,-81.50050438139566,26787.0,0.0,Ashe,Ashe County,NC
37011,36.07654700508201,-81.92259133115604,17517.0,0.0,Avery,Avery County,NC
37013,35.49400284829893,-76.8597763697363,47033.0,0.0,Beaufort,Beaufort County,NC
37015,36.06616911545487,-76.97866898266966,19263.0,0.0,Bertie,Bertie County,NC
37017,34.61458774371903,-78.56363925242677,33443.0,0.0,Bladen,Bladen County,NC
37019,34.070985066594346,-78.23769605456448,130859.0,0.0,Brunswick,Brunswick County,NC
37021,35.61121275462613,-82.53010586710596,257071.0,0.0,Buncombe,Buncombe County,NC
37023,35.749609196501105,-81.70475993918556,90157.0,0.0,Burke,Burke County,NC
37025,35.386789010257445,-80.55186076960018,206988.0,0.0,Cabarrus,Cabarrus County,NC
37027,35.95303211268082,-81.546416543501,81933.0,0.0,Caldwell,Caldwell County,NC
37029,36.38770392941164,-76.2063585429516,10532.0,0.0,Camden,Camden County,NC
37031,34.835730927126015,-76.65888064430845,68921.0,1.0,Carteret,Carteret County,NC
37033,36.39317221442237,-79.33353358526999,22616.0,0.0,Caswell,Caswell County,NC
37035,35.66204300562509,-81.21508329835773,157852.0,0.0,Catawba,Catawba County,NC
37037,35.70257288157356,-79.2552893211529,71189.0,0.0,Chatham,Chatham County,NC
37039,35.13387361697057,-84.06347644534448,27954.0,0.0,Cherokee,Cherokee County,NC
37041,36.15083838079084,-76.60789728823416,14029.0,0.0,Chowan,Chowan County,NC
37043,35.057217686430604,-83.75017335105485,11004.0,0.0,Clay,Clay County,NC
37045,35.334078095701415,-81.55555056573378,97134.0,0.0,Cleveland,Cleveland County,NC
37047,34.26564852735912,-78.65501952290617,56047.0,0.0,Columbus,Columbus County,NC
37049,35.12485560920325,-77.09389347891668,102492.0,0.0,Craven,Craven County,NC
37051,35.0486190028186,-78.82755558442507,330994.0,0.0,Cumberland,Cumberland County,NC
37053,36.40308080984591,-76.00593434805607,26290.0,0.0,Currituck,Currituck County,NC
37055,35.77953728578647,-75.79799395035839,36199.0,0.0,Dare,Dare County,NC
37057,35.79336615442366,-80.21274849859158,165180.0,0.0,Davidson,Davidson County,NC
37059,35.92910583944757,-80.54447918251716,42308.0,0.0,Davie,Davie County,NC
37061,34.93653534722494,-77.93300741229423,58943.0,0.0,Duplin,Duplin County,NC
37063,36.03600212518286,-78.87662604081673,312153.0,0.0,Durham,Durham County,NC
37065,35.91287656313107,-77.59705904123607,52756.0,0.0,Edgecombe,Edgecombe County,NC
37067,36.13062065659715,-80.25629363416195,375840.0,0.0,Forsyth,Forsyth County,NC
37069,36.08275488328339,-78.28570077426832,66155.0,0.0,Franklin,Franklin County,NC
37071,35.2943617053377,-81.18028771489865,219656.0,0.0,Gaston,Gaston County,NC
37073,36.444910165876536,-76.70047150242274,11514.0,0.0,Gates,Gates County,NC
37075,35.35016687684753,-83.83348694486156,8524.0,0.0,Graham,Graham County,NC
37077,36.30404825773443,-78.65272889579572,59372.0,0.0,Granville,Granville County,NC
37079,35.48500099776107,-77.6757563777806,20963.0,0.0,Greene,Greene County,NC
37081,36.07947384627267,-79.78890504777249,528243.0,0.0,Guilford,Guilford County,NC
37083,36.25744550695664,-77.65170535551457,51311.0,0.0,Halifax,Halifax County,NC
37085,35.368633386988755,-78.86941587447022,132395.0,0.0,Harnett,Harnett County,NC
37087,35.55603995298404,-82.98219075109772,61005.0,0.0,Haywood,Haywood County,NC
37089,35.33633654596136,-82.47998314263954,115216.0,0.0,Henderson,Henderson County,NC
37091,36.35906548466407,-76.98200274850497,23923.0,0.0,Hertford,Hertford County,NC
37093,35.01753922842432,-79.23726389689125,54138.0,0.0,Hoke,Hoke County,NC
37095,35.53048543094102,-76.250803742056,5240.0,0.0,Hyde,Hyde County,NC
37097,35.806709180129914,-80.87349042371619,175634.0,0.0,Iredell,Iredell County,NC
37099,35.28752553776087,-83.14082899604571,43224.0,0.0,Jackson,Jackson County,NC
37101,35.51782468872463,-78.36570970161449,196374.0,0.0,Johnston,Johnston County,NC
37103,35.0217248067014,-77.35518517187373,9573.0,0.0,Jones,Jones County,NC
37105,35.475191860715945,-79.17147756792974,60403.0,0.0,Lee,Lee County,NC
37107,35.23877156962886,-77.64124827425512,56622.0,0.0,Lenoir,Lenoir County,NC
37109,35.485583983411644,-81.22350271643953,82557.0,0.0,Lincoln,Lincoln County,NC
37111,35.68171113456742,-82.04930803278197,45083.0,0.0,McDowell,McDowell County,NC
37113,35.15048630421135,-83.42214803980958,34581.0,0.0,Macon,Macon County,NC
37115,35.85801356445982,-82.70576889132681,21563.0,0.0,Madison,Madison County,NC
37117,35.843209754648136,-77.10924195675234,22763.0,0.0,Martin,Martin County,NC
37119,35.24641697028518,-80.83267183423357,1078128.0,0.0,Mecklenburg,Mecklenburg County,NC
37121,36.01329647738315,-82.16364052563036,14992.0,0.0,Mitchell,Mitchell County,NC
37123,35.332473909904635,-79.90549423524527,27269.0,0.0,Montgomery,Montgomery County,NC
37125,35.310643460118875,-79.4813737902226,97368.0,0.0,Moore,Moore County,NC
37127,35.96726036510481,-77.98642606354105,94019.0,0.0,Nash,Nash County,NC
37129,34.23277459835737,-77.88471293291579,228728.0,1.0,New Hanover,New Hanover County,NC
37131,36.41776186884047,-77.39686253340714,19890.0,0.0,Northampton,Northampton County,NC
37133,34.732127767538,-77.432082983468,195066.0,0.0,Onslow,Onslow County,NC
37135,36.06112056735508,-79.12067808089387,143626.0,0.0,Orange,Orange County,NC
37137,35.143449996460404,-76.74070024465053,12638.0,0.0,Pamlico,Pamlico County,NC
37139,36.2954765533559,-76.28398920681622,39386.0,0.0,Pasquotank,Pasquotank County,NC
37141,34.52481400519153,-77.90509848344007,60719.0,0.0,Pender,Pender County,NC
37143,36.20585390112908,-76.44114695405923,13439.0,0.0,Perquimans,Perquimans County,NC
37145,36.3900049029136,-78.97178250120433,39338.0,0.0,Person,Person County,NC
37147,35.59329540629189,-77.37448977241885,178607.0,0.0,Pitt,Pitt County,NC
37149,35.279276902158564,-82.16966013461729,20564.0,0.0,Polk,Polk County,NC
37151,35.710341587723505,-79.80601473110912,143037.0,0.0,Randolph,Randolph County,NC
37153,35.00594154408086,-79.7478520313607,44827.0,0.0,Richmond,Richmond County,NC
37155,34.640216579559734,-79.10392734428368,132626.0,0.0,Robeson,Robeson County,NC
37157,36.39601635985181,-79.77499658794683,90791.0,0.0,Rockingham,Rockingham County,NC
37159,35.63947557633595,-80.52478749275014,140356.0,0.0,Rowan,Rowan County,NC
37161,35.402568366422784,-81.91983969006819,66529.0,0.0,Rutherford,Rutherford County,NC
37163,34.99154999025119,-78.37138659321228,63263.0,0.0,Sampson,Sampson County,NC
37165,34.840902651437794,-79.48038476313197,35174.0,0.0,Scotland,Scotland County,NC
37167,35.31198062031845,-80.25098488738449,61505.0,0.0,Stanly,Stanly County,NC
37169,36.40189236816856,-80.2394999133366,45724.0,0.0,Stokes,Stokes County,NC
37171,36.41477217514548,-80.6881267515709,72107.0,0.0,Surry,Surry County,NC
37173,35.48676604555359,-83.49277437395196,14263.0,0.0,Swain,Swain County,NC
37175,35.20214008777404,-82.79820835576085,33767.0,0.0,Transylvania,Transylvania County,NC
37177,35.81720469878775,-76.20895152395076,4180.0,0.0,Tyrrell,Tyrrell County,NC
37179,34.988409283131325,-80.53072034234,231350.0,0.0,Union,Union County,NC
37181,36.36489256825765,-78.40792802138442,44281.0,0.0,Vance,Vance County,NC
37183,35.79025795003501,-78.6503023865239,1071706.0,0.0,Wake,Wake County,NC
37185,36.39650540409495,-78.10666435550446,19849.0,0.0,Warren,Warren County,NC
37187,35.82258959828156,-76.57748134175856,11944.0,0.0,Washington,Washington County,NC
37189,36.2310956698296,-81.69643555174041,55181.0,0.0,Watauga,Watauga County,NC
37191,35.363964325171764,-78.00399742978746,123034.0,0.0,Wayne,Wayne County,NC
37193,36.20627402756015,-81.16339578310915,68489.0,0.0,Wilkes,Wilkes County,NC
37195,35.70514574798019,-77.91867097585835,81436.0,0.0,Wilson,Wilson County,NC
37197,36.16053980797246,-80.66522645231404,37588.0,0.0,Yadkin,Yadkin County,NC
37199,35.89894491114458,-82.30762893751526,17697.0,0.0,Yancey,Yancey County,NC
38001,46.09683096978888,-102.52850813719029,2324.0,0.0,Adams,Adams County,ND
38003,46.93610903733814,-98.0715682428394,10679.0,0.0,Barnes,Barnes County,ND
38005,48.06938278875111,-99.36601031155752,6916.0,0.0,Benson,Benson County,ND
38007,47.02340053423429,-103.37638223624322,922.0,0.0,Billings,Billings County,ND
38009,48.792178838354985,-100.83331939335773,6522.0,0.0,Bottineau,Bottineau County,ND
38011,46.11262198472485,-103.5207001063064,3150.0,0.0,Bowman,Bowman County,ND
38013,48.79099686657555,-102.51829757784634,2128.0,0.0,Burke,Burke County,ND
38015,46.97738033790533,-100.468740605167,95247.0,0.0,Burleigh,Burleigh County,ND
38017,46.93297468536409,-97.24804705229327,177745.0,0.0,Cass,Cass County,ND
38019,48.77234192221871,-98.46485643591218,3793.0,0.0,Cavalier,Cavalier County,ND
38021,46.11018240874613,-98.50466724561578,4848.0,0.0,Dickey,Dickey County,ND
38023,48.81491625000528,-103.48724684453396,2295.0,0.0,Divide,Divide County,ND
38025,47.35676246439257,-102.61828921104656,4274.0,0.0,Dunn,Dunn County,ND
38027,47.71758529128652,-98.90162414781938,2315.0,0.0,Eddy,Eddy County,ND
38029,46.285041975954215,-100.2387728314184,3298.0,0.0,Emmons,Emmons County,ND
38031,47.45706253367743,-98.88298751254632,3249.0,0.0,Foster,Foster County,ND
38033,46.9402968875561,-103.8466232442407,1779.0,0.0,Golden Valley,Golden Valley County,ND
38035,47.921910477552224,-97.45697388654976,70489.0,0.0,Grand Forks,Grand Forks County,ND
38037,46.35827672426869,-101.63972017250042,2363.0,0.0,Grant,Grant County,ND
38039,47.457281879504535,-98.23704854443211,2244.0,0.0,Griggs,Griggs County,ND
38041,46.43252093859607,-102.46035091196742,2479.0,0.0,Hettinger,Hettinger County,ND
38043,46.98014613074689,-99.78009296395416,2471.0,0.0,Kidder,Kidder County,ND
38045,46.45690198508018,-98.53543853295892,4101.0,0.0,LaMoure,LaMoure County,ND
38047,46.45735627140234,-99.47743731203838,1919.0,0.0,Logan,Logan County,ND
38049,48.23456779066447,-100.63627632620364,5890.0,0.0,McHenry,McHenry County,ND
38051,46.11184423636497,-99.4411943131812,2608.0,0.0,McIntosh,McIntosh County,ND
38053,47.74018748328395,-103.39529280414848,12688.0,0.0,McKenzie,McKenzie County,ND
38055,47.60696339099464,-101.32186128859986,9636.0,0.0,McLean,McLean County,ND
38057,47.30922314825562,-101.83153745513518,8457.0,0.0,Mercer,Mercer County,ND
38059,46.716053559963854,-101.28118200180484,30938.0,0.0,Morton,Morton County,ND
38061,48.20132762573792,-102.3556598007434,10276.0,0.0,Mountrail,Mountrail County,ND
38063,47.92170170568406,-98.19205727583864,2902.0,0.0,Nelson,Nelson County,ND
38065,47.115273874478014,-101.34036133175825,1930.0,0.0,Oliver,Oliver County,ND
38067,48.767499847597136,-97.55184788521464,6962.0,0.0,Pembina,Pembina County,ND
38069,48.24959994935851,-99.97181972424004,4096.0,0.0,Pierce,Pierce County,ND
38071,48.268936656017374,-98.72012221949718,11596.0,0.0,Ramsey,Ramsey County,ND
38073,46.45616086893392,-97.65746546675416,5303.0,0.0,Ransom,Ransom County,ND
38075,48.71904871710606,-101.65781192920676,2455.0,0.0,Renville,Renville County,ND
38077,46.26460492941391,-96.94829604931698,16287.0,0.0,Richland,Richland County,ND
38079,48.7724593438596,-99.84095666011932,14614.0,0.0,Rolette,Rolette County,ND
38081,46.10782683116165,-97.6305594279118,3862.0,0.0,Sargent,Sargent County,ND
38083,47.57541093963976,-100.34568090725394,1351.0,0.0,Sheridan,Sheridan County,ND
38085,46.11266570677212,-101.04040076282932,4425.0,0.0,Sioux,Sioux County,ND
38087,46.44721927577711,-103.45986307215274,767.0,0.0,Slope,Slope County,ND
38089,46.81068029100136,-102.6551108164662,30291.0,0.0,Stark,Stark County,ND
38091,47.456166841504846,-97.72469897815512,1906.0,0.0,Steele,Steele County,ND
38093,46.97923254372397,-98.95883690103383,21132.0,0.0,Stutsman,Stutsman County,ND
38095,48.68553954611345,-99.24576509628562,2244.0,0.0,Towner,Towner County,ND
38097,47.454180115619046,-97.16161110178184,7998.0,0.0,Traill,Traill County,ND
38099,48.36946594209929,-97.72134433389422,10801.0,0.0,Walsh,Walsh County,ND
38101,48.22173780379041,-101.54180239520228,68516.0,0.0,Ward,Ward County,ND
38103,47.58752348069765,-99.66097496214547,3994.0,0.0,Wells,Wells County,ND
38105,48.34368784662599,-103.48022649995474,33467.0,0.0,Williams,Williams County,ND
39001,38.845614924605705,-83.47203005377088,27753.0,0.0,Adams,Adams County,OH
39003,40.7715398047912,-84.10579177506926,103093.0,0.0,Allen,Allen County,OH
39005,40.84601518278021,-82.27068893925319,53662.0,0.0,Ashland,Ashland County,OH
39007,41.70754260294217,-80.7482939295069,97748.0,1.0,Ashtabula,Ashtabula County,OH
39009,39.33388903313693,-82.04520600045566,66503.0,0.0,Athens,Athens County,OH
39011,40.560918477218365,-84.22172836182393,45753.0,0.0,Auglaize,Auglaize County,OH
39013,40.015836842983866,-80.9884652126075,68002.0,0.0,Belmont,Belmont County,OH
39015,38.93403313877637,-83.86743752835218,43523.0,0.0,Brown,Brown County,OH
39017,39.43862638217886,-84.57557161760653,380607.0,0.0,Butler,Butler County,OH
39019,40.57957772735439,-81.08971693243667,27324.0,0.0,Carroll,Carroll County,OH
39021,40.13769982371096,-83.76953882696193,38851.0,0.0,Champaign,Champaign County,OH
39023,39.91678756795047,-83.7838423038403,134549.0,0.0,Clark,Clark County,OH
39025,39.04746293779344,-84.15184923189116,204260.0,0.0,Clermont,Clermont County,OH
39027,39.4149820241588,-83.80836877638806,42004.0,0.0,Clinton,Clinton County,OH
39029,40.76842513672262,-80.77719635775084,103062.0,1.0,Columbiana,Columbiana County,OH
39031,40.301664541701406,-81.92001984397774,36536.0,0.0,Coshocton,Coshocton County,OH
39033,40.85076915485785,-82.91977712526405,41710.0,0.0,Crawford,Crawford County,OH
39035,41.42447380272999,-81.65864322187386,1247581.0,1.0,Cuyahoga,Cuyahoga County,OH
39037,40.13326354517528,-84.6194075861534,51549.0,0.0,Darke,Darke County,OH
39039,41.323916416408345,-84.49047494212752,38156.0,0.0,Defiance,Defiance County,OH
39041,40.27839610562321,-83.00488291484426,200870.0,0.0,Delaware,Delaware County,OH
39043,41.36324628991931,-82.61923075503259,74760.0,1.0,Erie,Erie County,OH
39045,39.75163254669575,-82.63057779187152,154686.0,0.0,Fairfield,Fairfield County,OH
39047,39.55987567685267,-83.45608730456271,28639.0,0.0,Fayette,Fayette County,OH
39049,39.96954235061492,-83.00929586835588,1295510.0,0.0,Franklin,Franklin County,OH
39051,41.60181621583028,-84.13008136794974,42265.0,1.0,Fulton,Fulton County,OH
39053,38.82475395603966,-82.31692487327834,30162.0,0.0,Gallia,Gallia County,OH
39055,41.49955301369796,-81.17863661997676,93881.0,1.0,Geauga,Geauga County,OH
39057,39.69146360387051,-83.8898905014776,166566.0,0.0,Greene,Greene County,OH
39059,40.05203387138935,-81.49425690922946,39066.0,0.0,Guernsey,Guernsey County,OH
39061,39.1955388555504,-84.54277558343568,814170.0,1.0,Hamilton,Hamilton County,OH
39063,41.00192036725371,-83.66654040995896,75973.0,0.0,Hancock,Hancock County,OH
39065,40.66151714051498,-83.65942528311409,31329.0,0.0,Hardin,Hardin County,OH
39067,40.29382580453466,-81.09112486215567,15202.0,0.0,Harrison,Harrison County,OH
39069,41.3338793563469,-84.0682271517177,27179.0,1.0,Henry,Henry County,OH
39071,39.18471447380388,-83.60098306823862,42903.0,0.0,Highland,Highland County,OH
39073,39.49705463897372,-82.47925426949514,28436.0,0.0,Hocking,Hocking County,OH
39075,40.561208193049005,-81.92934130795291,43895.0,0.0,Holmes,Holmes County,OH
39077,41.14615231795126,-82.59840614912929,58393.0,0.0,Huron,Huron County,OH
39079,39.0196571397546,-82.61841764285188,32386.0,0.0,Jackson,Jackson County,OH
39081,40.38501231361996,-80.76100320328662,66318.0,0.0,Jefferson,Jefferson County,OH
39083,40.39875750606021,-82.42152333764923,61271.0,0.0,Knox,Knox County,OH
39085,41.696560066858176,-81.23734278310226,230159.0,1.0,Lake,Lake County,OH
39087,38.598418520142246,-82.5367786606436,60075.0,0.0,Lawrence,Lawrence County,OH
39089,40.09160676383532,-82.48310430267584,173617.0,0.0,Licking,Licking County,OH
39091,40.38846052936831,-83.76584791416757,45198.0,0.0,Logan,Logan County,OH
39093,41.29562735607157,-82.15119968251437,307441.0,1.0,Lorain,Lorain County,OH
39095,41.61991811561016,-83.65824763598091,431039.0,1.0,Lucas,Lucas County,OH
39097,39.89402285924325,-83.4001901714756,44041.0,0.0,Madison,Madison County,OH
39099,41.01464466593968,-80.77630522167178,229791.0,1.0,Mahoning,Mahoning County,OH
39101,40.58719007634154,-83.16087287618616,65076.0,0.0,Marion,Marion County,OH
39103,41.11759545754753,-81.89969250259628,178176.0,1.0,Medina,Medina County,OH
39105,39.08223662805578,-82.0228293044877,23071.0,0.0,Meigs,Meigs County,OH
39107,40.53994712156752,-84.62937243101732,40858.0,0.0,Mercer,Mercer County,OH
39109,40.05346581112477,-84.22884690260335,105200.0,0.0,Miami,Miami County,OH
39111,39.72735638318527,-81.08292522051066,13931.0,0.0,Monroe,Monroe County,OH
39113,39.754580142201775,-84.29067888690427,531467.0,0.0,Montgomery,Montgomery County,OH
39115,39.62036357304469,-81.8526562322265,14644.0,0.0,Morgan,Morgan County,OH
39117,40.524079365940814,-82.79407722159364,34911.0,0.0,Morrow,Morrow County,OH
39119,39.96543452682968,-81.94438250760113,86123.0,0.0,Muskingum,Muskingum County,OH
39121,39.76595725503638,-81.45555422237078,14400.0,0.0,Noble,Noble County,OH
39123,41.538097871561504,-83.14084574242732,40623.0,1.0,Ottawa,Ottawa County,OH
39125,41.11662437433795,-84.58020989591117,18831.0,0.0,Paulding,Paulding County,OH
39127,39.73711753773857,-82.23613263817923,35972.0,0.0,Perry,Perry County,OH
39129,39.64192230963371,-83.02437864137379,57740.0,0.0,Pickaway,Pickaway County,OH
39131,39.07731946336059,-83.06676553788722,28088.0,0.0,Pike,Pike County,OH
39133,41.16767273793184,-81.19740128646855,162473.0,0.0,Portage,Portage County,OH
39135,39.74152550389768,-84.64797969625891,41116.0,0.0,Preble,Preble County,OH
39137,41.02212145297632,-84.13172734467774,33860.0,0.0,Putnam,Putnam County,OH
39139,40.774655216454,-82.53649778438346,120430.0,0.0,Richland,Richland County,OH
39141,39.337593609865785,-83.05702253582037,77295.0,0.0,Ross,Ross County,OH
39143,41.35631229665356,-83.1461795247367,59093.0,0.0,Sandusky,Sandusky County,OH
39145,38.80399918082426,-82.99282759277435,75976.0,0.0,Scioto,Scioto County,OH
39147,41.1238766768541,-83.12768981403777,55267.0,0.0,Seneca,Seneca County,OH
39149,40.33155411011458,-84.2047579177829,48738.0,0.0,Shelby,Shelby County,OH
39151,40.81388614568594,-81.36562132878191,372003.0,0.0,Stark,Stark County,OH
39153,41.12597576235815,-81.5321665398456,541514.0,1.0,Summit,Summit County,OH
39155,41.31718198014557,-80.76113437427416,200281.0,0.0,Trumbull,Trumbull County,OH
39157,40.440941462648745,-81.47375671061685,92308.0,0.0,Tuscarawas,Tuscarawas County,OH
39159,40.29941070376852,-83.37156686631654,56798.0,0.0,Union,Union County,OH
39161,40.855407383576896,-84.58611591198941,28283.0,0.0,Van Wert,Van Wert County,OH
39163,39.25097320514843,-82.4853428994153,13082.0,0.0,Vinton,Vinton County,OH
39165,39.42756191038728,-84.16676632210199,228709.0,0.0,Warren,Warren County,OH
39167,39.45531644040523,-81.49528666110993,60491.0,0.0,Washington,Washington County,OH
39169,40.82887487390166,-81.88802886284898,116168.0,0.0,Wayne,Wayne County,OH
39171,41.56031495089787,-84.58815780133989,36707.0,0.0,Williams,Williams County,OH
39173,41.3616797481173,-83.62299888555637,130437.0,1.0,Wood,Wood County,OH
39175,40.84237982287354,-83.304375926883,22063.0,0.0,Wyandot,Wyandot County,OH
40001,35.88391052120821,-94.658659728166,22119.0,0.0,Adair,Adair County,OK
40003,36.73103816414096,-98.32400838255708,5913.0,0.0,Alfalfa,Alfalfa County,OK
40005,34.3737306068148,-96.03782844818352,13779.0,0.0,Atoka,Atoka County,OK
40007,36.74964768354286,-100.4767899568902,5364.0,0.0,Beaver,Beaver County,OK
40009,35.268725476320654,-99.6819017688848,21779.0,0.0,Beckham,Beckham County,OK
40011,35.875213066957734,-98.4334417721482,9512.0,0.0,Blaine,Blaine County,OK
40013,33.96232974956366,-96.25978723844932,46481.0,0.0,Bryan,Bryan County,OK
40015,35.17438465966957,-98.37514112197258,29356.0,0.0,Caddo,Caddo County,OK
40017,35.54244351557047,-97.98237155349976,140001.0,0.0,Canadian,Canadian County,OK
40019,34.25084668636932,-97.28579735239391,48273.0,0.0,Carter,Carter County,OK
40021,35.90659082899572,-94.99966686204644,48891.0,0.0,Cherokee,Cherokee County,OK
40023,34.02660793431506,-95.55216844838972,14804.0,0.0,Choctaw,Choctaw County,OK
40025,36.74826246311645,-102.51774503538752,2152.0,0.0,Cimarron,Cimarron County,OK
40027,35.203043671254015,-97.3264187057252,279542.0,0.0,Cleveland,Cleveland County,OK
40029,34.58822103172004,-96.29781886040112,5630.0,0.0,Coal,Coal County,OK
40031,34.662097516648835,-98.4716620809396,121786.0,0.0,Comanche,Comanche County,OK
40033,34.290163698527664,-98.37221367954392,5863.0,0.0,Cotton,Cotton County,OK
40035,36.76172543296175,-95.20848408223678,14332.0,1.0,Craig,Craig County,OK
40037,35.90268230211764,-96.370951362068,71890.0,1.0,Creek,Creek County,OK
40039,35.63888744190844,-99.00149188274692,28974.0,0.0,Custer,Custer County,OK
40041,36.40820082987945,-94.8026487271382,42672.0,0.0,Delaware,Delaware County,OK
40043,35.987686253744634,-99.00791466054272,4899.0,0.0,Dewey,Dewey County,OK
40045,36.21837694272656,-99.75463562587764,3970.0,0.0,Ellis,Ellis County,OK
40047,36.37905762391655,-97.78272290468809,61600.0,0.0,Garfield,Garfield County,OK
40049,34.704559191247995,-97.3093286470464,27857.0,0.0,Garvin,Garvin County,OK
40051,35.01694317353306,-97.88411504836225,54829.0,0.0,Grady,Grady County,OK
40053,36.79613980524574,-97.78613156087904,4379.0,0.0,Grant,Grant County,OK
40055,34.93571461753179,-99.56081706279072,5793.0,0.0,Greer,Greer County,OK
40057,34.74410035467265,-99.84627277380883,2710.0,0.0,Harmon,Harmon County,OK
40059,36.78870883289262,-99.66735716134934,3784.0,0.0,Harper,Harper County,OK
40061,35.224846765521775,-95.1165800473996,12726.0,0.0,Haskell,Haskell County,OK
40063,35.048336870982205,-96.25026053375863,13265.0,0.0,Hughes,Hughes County,OK
40065,34.58798040985213,-99.41481401087395,25112.0,0.0,Jackson,Jackson County,OK
40067,34.111034635911594,-97.83587174245204,6164.0,0.0,Jefferson,Jefferson County,OK
40069,34.31647875575552,-96.66066908989276,11121.0,0.0,Johnston,Johnston County,OK
40071,36.81799904184649,-97.1439476511674,44403.0,0.0,Kay,Kay County,OK
40073,35.94539462941334,-97.94209399738244,15688.0,0.0,Kingfisher,Kingfisher County,OK
40075,34.91633615893007,-98.98083563086551,8849.0,0.0,Kiowa,Kiowa County,OK
40077,34.87608799086085,-95.25039510426942,10318.0,0.0,Latimer,Latimer County,OK
40079,34.900310940357386,-94.70341901235147,50020.0,0.0,Le Flore,Le Flore County,OK
40081,35.70296394986583,-96.88091759662234,34961.0,0.0,Lincoln,Lincoln County,OK
40083,35.91932581201036,-97.44330433673667,46785.0,0.0,Logan,Logan County,OK
40085,33.949888201827335,-97.24412587663578,10076.0,0.0,Love,Love County,OK
40087,35.00932934516552,-97.44429071734386,39306.0,0.0,McClain,McClain County,OK
40089,34.115419810797675,-94.7712674990215,33031.0,0.0,McCurtain,McCurtain County,OK
40091,35.37366016699639,-95.66682137435237,19701.0,0.0,McIntosh,McIntosh County,OK
40093,36.31164342428061,-98.53595703281418,7684.0,0.0,Major,Major County,OK
40095,34.0244466250379,-96.76912729411556,16364.0,0.0,Marshall,Marshall County,OK
40097,36.30186513472175,-95.23084745087496,40988.0,1.0,Mayes,Mayes County,OK
40099,34.4823401349006,-97.06790587242304,13918.0,0.0,Murray,Murray County,OK
40101,35.61614832940408,-95.37958870845848,69027.0,0.0,Muskogee,Muskogee County,OK
40103,36.38858534263901,-97.2305089630679,11303.0,0.0,Noble,Noble County,OK
40105,36.79847579404894,-95.61739695225548,10322.0,1.0,Nowata,Nowata County,OK
40107,35.465456592152265,-96.32282647708318,12076.0,0.0,Okfuskee,Okfuskee County,OK
40109,35.55152280423316,-97.40720976599206,786068.0,0.0,Oklahoma,Oklahoma County,OK
40111,35.64666565881039,-95.9643419632014,38819.0,0.0,Okmulgee,Okmulgee County,OK
40113,36.62916753457607,-96.39849399464468,47346.0,1.0,Osage,Osage County,OK
40115,36.83552296414012,-94.81044668550189,31368.0,0.0,Ottawa,Ottawa County,OK
40117,36.31691788643924,-96.69930011483768,16419.0,0.0,Pawnee,Pawnee County,OK
40119,36.07730563956049,-96.97580480209736,81908.0,0.0,Payne,Payne County,OK
40121,34.92393273573005,-95.74836645980184,44154.0,0.0,Pittsburg,Pittsburg County,OK
40123,34.72800166923251,-96.68444496879596,38371.0,0.0,Pontotoc,Pontotoc County,OK
40125,35.20669943933506,-96.9483369197377,72185.0,0.0,Pottawatomie,Pottawatomie County,OK
40127,34.41622260454343,-95.37578492248332,11118.0,0.0,Pushmataha,Pushmataha County,OK
40129,35.68833763323168,-99.69576920691726,3661.0,0.0,Roger Mills,Roger Mills County,OK
40131,36.37157245755292,-95.604359469704,91435.0,1.0,Rogers,Rogers County,OK
40133,35.16748504370781,-96.61552018837044,24845.0,0.0,Seminole,Seminole County,OK
40135,35.49534209755609,-94.7552042360314,41742.0,0.0,Sequoyah,Sequoyah County,OK
40137,34.485602736936045,-97.85148139265932,43340.0,0.0,Stephens,Stephens County,OK
40139,36.74789436955055,-101.49005200426448,20924.0,0.0,Texas,Texas County,OK
40141,34.372837063284095,-98.92421125865246,7399.0,0.0,Tillman,Tillman County,OK
40143,36.12108412344116,-95.94146638684212,646437.0,1.0,Tulsa,Tulsa County,OK
40145,35.96108651698615,-95.5211873879219,78984.0,1.0,Wagoner,Wagoner County,OK
40147,36.71523417629718,-95.90436006101832,51996.0,1.0,Washington,Washington County,OK
40149,35.29036494801195,-98.99222398928336,11055.0,0.0,Washita,Washita County,OK
40151,36.766944026913485,-98.86510187469784,9069.0,0.0,Woods,Woods County,OK
40153,36.42262098811659,-99.26501780356134,20531.0,0.0,Woodward,Woodward County,OK
41001,44.70915133932144,-117.675302327562,16083.0,0.0,Baker,Baker County,OR
41003,44.49177614050241,-123.42929518502788,91790.0,0.0,Benton,Benton County,OR
41005,45.188032220969774,-122.22086120537853,412442.0,1.0,Clackamas,Clackamas County,OR
41007,45.995101982832594,-123.65583566714947,39101.0,1.0,Clatsop,Clatsop County,OR
41009,45.94378931733998,-123.08829773127692,51724.0,1.0,Columbia,Columbia County,OR
41011,43.17420742785642,-124.05942430021044,63708.0,1.0,Coos,Coos County,OR
41013,44.14219692106312,-120.35659474233616,23065.0,0.0,Crook,Crook County,OR
41015,42.45764393002704,-124.156782276681,22630.0,0.0,Curry,Curry County,OR
41017,43.91506348423707,-121.22811619820288,186744.0,0.0,Deschutes,Deschutes County,OR
41019,43.27969056747796,-123.16645223291408,109197.0,1.0,Douglas,Douglas County,OR
41021,45.37828352505584,-120.21078325785528,1862.0,0.0,Gilliam,Gilliam County,OR
41023,44.49156534488265,-119.00731192746434,7188.0,0.0,Grant,Grant County,OR
41025,43.064132552017725,-118.9679713262488,7258.0,0.0,Harney,Harney County,OR
41027,45.51900450847168,-121.65103545831634,23398.0,1.0,Hood River,Hood River County,OR
41029,42.43211434293328,-122.72852244905005,216746.0,0.0,Jackson,Jackson County,OR
41031,44.62943719024572,-121.17624176983828,23652.0,0.0,Jefferson,Jefferson County,OR
41033,42.36549088382743,-123.55546819811666,86584.0,0.0,Josephine,Josephine County,OR
41035,42.686363980198216,-121.65012224066244,66810.0,0.0,Klamath,Klamath County,OR
41037,42.79351251848588,-120.38739468873987,7874.0,0.0,Lake,Lake County,OR
41039,43.93881077128593,-122.84748646671234,375264.0,0.0,Lane,Lane County,OR
41041,44.64197683016347,-123.86824546337272,48757.0,0.0,Lincoln,Lincoln County,OR
41043,44.488875930244944,-122.53498794823938,125035.0,0.0,Linn,Linn County,OR
41045,43.19339279511932,-117.62315309203385,30385.0,0.0,Malheur,Malheur County,OR
41047,44.90331661475219,-122.58489606265506,340531.0,1.0,Marion,Marion County,OR
41049,45.41894132501677,-119.58436011985992,11198.0,0.0,Morrow,Morrow County,OR
41051,45.54680369220837,-122.41475289389822,807885.0,1.0,Multnomah,Multnomah County,OR
41053,44.9035280626301,-123.41321137962922,83711.0,0.0,Polk,Polk County,OR
41055,45.40524337555342,-120.6893624893065,1735.0,0.0,Sherman,Sherman County,OR
41057,45.46370150271313,-123.71267779482984,26522.0,1.0,Tillamook,Tillamook County,OR
41059,45.59192331138389,-118.73684523847228,77120.0,0.0,Umatilla,Umatilla County,OR
41061,45.31024547137911,-118.00881071264536,26383.0,0.0,Union,Union County,OR
41063,45.57989108346999,-117.18105063050945,7025.0,0.0,Wallowa,Wallowa County,OR
41065,45.16000772835207,-121.16783942693657,26296.0,1.0,Wasco,Wasco County,OR
41067,45.56005686599666,-123.0983853696266,591336.0,1.0,Washington,Washington County,OR
41069,44.725992360146215,-120.02750456276031,1348.0,0.0,Wheeler,Wheeler County,OR
41071,45.23262603308457,-123.30813807930296,105238.0,1.0,Yamhill,Yamhill County,OR
42001,39.871492406645416,-77.217874485218,102562.0,0.0,Adams,Adams County,PA
42003,40.46882884230826,-79.98119367638633,1220141.0,1.0,Allegheny,Allegheny County,PA
42005,40.8123044018309,-79.46452809104467,65991.0,1.0,Armstrong,Armstrong County,PA
42007,40.682272966292615,-80.34928540263289,165654.0,1.0,Beaver,Beaver County,PA
42009,40.00654727899173,-78.49029300227417,48356.0,0.0,Bedford,Bedford County,PA
42011,40.416301553138254,-75.92598381636091,417511.0,0.0,Berks,Berks County,PA
42013,40.480988640582176,-78.34861174131798,123147.0,0.0,Blair,Blair County,PA
42015,41.78869706636237,-76.51538647045913,60963.0,0.0,Bradford,Bradford County,PA
42017,40.33686811182016,-75.10678616202247,626811.0,1.0,Bucks,Bucks County,PA
42019,40.911730357722575,-79.9129875487871,186828.0,1.0,Butler,Butler County,PA
42021,40.49527050962064,-78.71372001498275,132960.0,1.0,Cambria,Cambria County,PA
42023,41.43672878222148,-78.20388319196272,4619.0,0.0,Cameron,Cameron County,PA
42025,40.9181737162167,-75.70881732955972,63828.0,0.0,Carbon,Carbon County,PA
42027,40.91931023460095,-77.81995421600644,162316.0,0.0,Centre,Centre County,PA
42029,39.97305762559839,-75.74844559184261,518901.0,0.0,Chester,Chester County,PA
42031,41.19239895736239,-79.4209606692492,38998.0,1.0,Clarion,Clarion County,PA
42033,41.00016636405354,-78.47414084776089,79799.0,0.0,Clearfield,Clearfield County,PA
42035,41.234052127595376,-77.63816032300092,38830.0,0.0,Clinton,Clinton County,PA
42037,41.04870171714614,-76.40519158124633,65581.0,0.0,Columbia,Columbia County,PA
42039,41.68470347108772,-80.10625189233032,85772.0,0.0,Crawford,Crawford County,PA
42041,40.16362643634941,-77.26553131686525,249024.0,0.0,Cumberland,Cumberland County,PA
42043,40.4154531407292,-76.77945966027433,275714.0,0.0,Dauphin,Dauphin County,PA
42045,39.91669872714533,-75.39908529449056,563858.0,1.0,Delaware,Delaware County,PA
42047,41.42523799601247,-78.64914529401295,30271.0,0.0,Elk,Elk County,PA
42049,41.99259034428562,-80.03281625543366,273558.0,1.0,Erie,Erie County,PA
42051,39.91989110635949,-79.64734764668162,131309.0,1.0,Fayette,Fayette County,PA
42053,41.51299393477959,-79.23602158397891,7317.0,1.0,Forest,Forest County,PA
42055,39.927403563925054,-77.72128120023284,154376.0,0.0,Franklin,Franklin County,PA
42057,39.92535604688248,-78.11268512392948,14469.0,0.0,Fulton,Fulton County,PA
42059,39.85383452570514,-80.22292132527633,36846.0,1.0,Greene,Greene County,PA
42061,40.416953221525375,-77.98120695342676,45429.0,0.0,Huntingdon,Huntingdon County,PA
42063,40.65206880538537,-79.0875475120493,84743.0,1.0,Indiana,Indiana County,PA
42065,41.12815816524833,-78.99943499500976,43818.0,1.0,Jefferson,Jefferson County,PA
42067,40.53105508524073,-77.40217245649008,24635.0,0.0,Juniata,Juniata County,PA
42069,41.436828546173246,-75.60920773964007,210451.0,0.0,Lackawanna,Lackawanna County,PA
42071,40.042433827165866,-76.24772434502137,541332.0,0.0,Lancaster,Lancaster County,PA
42073,40.99124715345128,-80.33422809284698,86546.0,1.0,Lawrence,Lawrence County,PA
42075,40.36722705518554,-76.4577087206505,139553.0,0.0,Lebanon,Lebanon County,PA
42077,40.612705931454734,-75.59232811580823,365577.0,0.0,Lehigh,Lehigh County,PA
42079,41.177020988202194,-75.98900438696609,317808.0,0.0,Luzerne,Luzerne County,PA
42081,41.3434010910452,-77.06453162662729,114012.0,0.0,Lycoming,Lycoming County,PA
00nan,,,,,,,
42085,41.30218123557806,-80.25768027640873,111473.0,1.0,Mercer,Mercer County,PA
42087,40.61041920859636,-77.6170346654727,46290.0,0.0,Mifflin,Mifflin County,PA
42089,41.05805384466827,-75.33946662154696,167895.0,0.0,Monroe,Monroe County,PA
42091,40.21082116624953,-75.36728288700931,824303.0,1.0,Montgomery,Montgomery County,PA
42093,41.0278646839873,-76.65858569524238,18270.0,0.0,Montour,Montour County,PA
42095,40.75422019924048,-75.3073984753363,302801.0,0.0,Northampton,Northampton County,PA
42097,40.85202353464313,-76.70934068172728,91721.0,0.0,Northumberland,Northumberland County,PA
42099,40.39839619054505,-77.26230956496535,46046.0,0.0,Perry,Perry County,PA
42101,40.0076184301532,-75.13398323352168,1580601.0,1.0,Philadelphia,Philadelphia County,PA
42103,41.33199215174106,-75.03383326415559,55397.0,0.0,Pike,Pike County,PA
42105,41.7449257616453,-77.89581380088221,16841.0,0.0,Potter,Potter County,PA
42107,40.70581377108356,-76.21597987854115,142580.0,0.0,Schuylkill,Schuylkill County,PA
42109,40.7698404168849,-77.07016242001332,40594.0,0.0,Snyder,Snyder County,PA
42111,39.97246774368213,-79.02826160735266,74242.0,1.0,Somerset,Somerset County,PA
42113,41.4461584411896,-76.51223502450453,6142.0,0.0,Sullivan,Sullivan County,PA
42115,41.82137626214568,-75.80070291919532,40934.0,0.0,Susquehanna,Susquehanna County,PA
42117,41.772171606999294,-77.25426504136858,40671.0,0.0,Tioga,Tioga County,PA
42119,40.963001923479794,-77.06222674824444,44642.0,0.0,Union,Union County,PA
42121,41.400987798045065,-79.7579525726269,51790.0,1.0,Venango,Venango County,PA
42123,41.81449663945132,-79.27410542125959,39679.0,0.0,Warren,Warren County,PA
42125,40.18940346373535,-80.24823943436898,207075.0,1.0,Washington,Washington County,PA
42127,41.648730369250856,-75.30327012575121,51192.0,0.0,Wayne,Wayne County,PA
42129,40.3107231328514,-79.46696568613287,352006.0,1.0,Westmoreland,Westmoreland County,PA
42131,41.51836366012943,-76.01659629856773,27396.0,0.0,Wyoming,Wyoming County,PA
42133,39.9199637251161,-76.72652480094497,445484.0,1.0,York,York County,PA
44001,41.71725322842418,-71.28402169448836,48734.0,0.0,Bristol,Bristol County,RI
44003,41.67219306878573,-71.59303244015231,163543.0,0.0,Kent,Kent County,RI
44005,41.55638685902064,-71.2367956924756,82952.0,0.0,Newport,Newport County,RI
44007,41.8721397908562,-71.579993733728,634130.0,1.0,Providence,Providence County,RI
44009,41.46973442519783,-71.62256148762313,126314.0,0.0,Washington,Washington County,RI
45001,34.22254925915803,-82.45875054337738,24567.0,0.0,Abbeville,Abbeville County,SC
45003,33.54432470989305,-81.63474574487736,168325.0,0.0,Aiken,Aiken County,SC
45005,32.988147895970286,-81.35829829392972,9012.0,0.0,Allendale,Allendale County,SC
45007,34.51909801682486,-82.63788710629169,198186.0,0.0,Anderson,Anderson County,SC
45009,33.21479827825714,-81.05424215958413,14384.0,0.0,Bamberg,Bamberg County,SC
45011,33.266047438247504,-81.43499953876692,21355.0,0.0,Barnwell,Barnwell County,SC
45013,32.38553523788185,-80.73022496023778,186497.0,0.0,Beaufort,Beaufort County,SC
45015,33.197679797444685,-79.95099429652578,214541.0,1.0,Berkeley,Berkeley County,SC
45017,33.6748832328318,-80.78029551084944,14696.0,0.0,Calhoun,Calhoun County,SC
45019,32.8346007955575,-79.95313847903991,402008.0,1.0,Charleston,Charleston County,SC
45021,35.04819396142195,-81.6203533078176,56913.0,0.0,Cherokee,Cherokee County,SC
45023,34.69203738704678,-81.1595257966495,32299.0,0.0,Chester,Chester County,SC
45025,34.639791670965245,-80.15873726977875,45979.0,0.0,Chesterfield,Chesterfield County,SC
45027,33.66579344907362,-80.21641778840814,34012.0,0.0,Clarendon,Clarendon County,SC
45029,32.86361524681262,-80.66689246925802,37555.0,0.0,Colleton,Colleton County,SC
45031,34.33236080294611,-79.95768594537161,66981.0,0.0,Darlington,Darlington County,SC
45033,34.39149489308274,-79.37892526567698,30496.0,0.0,Dillon,Dillon County,SC
45035,33.07950629079197,-80.40556015592406,158988.0,1.0,Dorchester,Dorchester County,SC
45037,33.77228140663457,-81.96656910111872,26837.0,0.0,Edgefield,Edgefield County,SC
45039,34.39509770364104,-81.1212321347668,22593.0,0.0,Fairfield,Fairfield County,SC
45041,34.024390267201426,-79.70280476976166,138495.0,0.0,Florence,Florence County,SC
45043,33.43424900774976,-79.33239995833523,61826.0,0.0,Georgetown,Georgetown County,SC
45045,34.89437882063978,-82.37071296878088,506831.0,0.0,Greenville,Greenville County,SC
45047,34.15381935873643,-82.12592161765716,70496.0,0.0,Greenwood,Greenwood County,SC
45049,32.77629138070617,-81.1406953125921,19498.0,0.0,Hampton,Hampton County,SC
45051,33.92142101479247,-78.99656127704812,332655.0,0.0,Horry,Horry County,SC
45053,32.43672859425252,-81.03151837885868,28522.0,1.0,Jasper,Jasper County,SC
45055,34.33876473248318,-80.59023388873639,65213.0,0.0,Kershaw,Kershaw County,SC
45057,34.68669542510554,-80.705427598776,92411.0,0.0,Lancaster,Lancaster County,SC
45059,34.48356838329781,-82.0059435647982,66822.0,0.0,Laurens,Laurens County,SC
45061,34.16332175583326,-80.2544974097614,17388.0,0.0,Lee,Lee County,SC
45063,33.90232154076798,-81.27219914216703,290338.0,0.0,Lexington,Lexington County,SC
45065,33.89957681646454,-82.30987375407018,9554.0,0.0,McCormick,McCormick County,SC
45067,34.08008171768481,-79.36249514997165,31295.0,0.0,Marion,Marion County,SC
45069,34.6019849645006,-79.67861954819797,26691.0,0.0,Marlboro,Marlboro County,SC
45071,34.28981299417814,-81.60013019737234,38381.0,0.0,Newberry,Newberry County,SC
45073,34.75347159292396,-83.06583533663633,77388.0,0.0,Oconee,Oconee County,SC
45075,33.43899649443933,-80.80029669394675,87671.0,1.0,Orangeburg,Orangeburg County,SC
45077,34.88747405152687,-82.72531208558348,123518.0,0.0,Pickens,Pickens County,SC
45079,34.02181843301046,-80.90305429867615,411800.0,0.0,Richland,Richland County,SC
45081,34.00613358951496,-81.72690089772244,20299.0,0.0,Saluda,Saluda County,SC
45083,34.93126183171256,-81.9906795941402,306740.0,0.0,Spartanburg,Spartanburg County,SC
45085,33.91619846242192,-80.38225603406744,106431.0,0.0,Sumter,Sumter County,SC
45087,34.6892736212837,-81.61941000862289,27400.0,0.0,Union,Union County,SC
45089,33.619911988311365,-79.72772147634538,31216.0,0.0,Williamsburg,Williamsburg County,SC
45091,34.97474392913967,-81.18441234836139,266165.0,0.0,York,York County,SC
46003,43.71800332949249,-98.561537325939,2769.0,0.0,Aurora,Aurora County,SD
46005,44.41447451843673,-98.27811821271284,18541.0,0.0,Beadle,Beadle County,SD
46007,43.19499086340876,-101.66402571860846,3446.0,0.0,Bennett,Bennett County,SD
46009,42.98846831110567,-97.8846148848765,6952.0,0.0,Bon Homme,Bon Homme County,SD
46011,44.36966645760163,-96.79045041653892,34749.0,0.0,Brookings,Brookings County,SD
46013,45.5897907215531,-98.3515979839462,39290.0,0.0,Brown,Brown County,SD
46015,43.71806952174288,-99.08094088792156,5304.0,0.0,Brule,Brule County,SD
46017,44.07630097440695,-99.20487773624662,2013.0,0.0,Buffalo,Buffalo County,SD
46019,44.90579033281707,-103.50795015606042,10114.0,0.0,Butte,Butte County,SD
46021,45.77117227700918,-100.05161173026134,1372.0,0.0,Campbell,Campbell County,SD
46023,43.20792644466977,-98.58790028830492,9404.0,0.0,Charles Mix,Charles Mix County,SD
46025,44.85823464016667,-97.72949768927872,3679.0,0.0,Clark,Clark County,SD
46027,42.9146816284126,-96.97564569676716,14032.0,0.0,Clay,Clay County,SD
46029,44.97785054637537,-97.18862898212598,28125.0,0.0,Codington,Codington County,SD
46031,45.70861036306201,-101.19687964896907,4195.0,0.0,Corson,Corson County,SD
46033,43.67763145568,-103.45151677415454,8763.0,0.0,Custer,Custer County,SD
46035,43.67472192214962,-98.14598737130734,19870.0,0.0,Davison,Davison County,SD
46037,45.36714223143533,-97.6074268843582,5494.0,0.0,Day,Day County,SD
46039,44.76005598779203,-96.66801622297903,4311.0,0.0,Deuel,Deuel County,SD
46041,45.15664128587781,-100.87183826280472,5857.0,0.0,Dewey,Dewey County,SD
46043,43.38691986203349,-98.36606662174648,2927.0,0.0,Douglas,Douglas County,SD
46045,45.41879156637825,-99.2153197729118,3915.0,0.0,Edmunds,Edmunds County,SD
46047,43.23937795778916,-103.52750051397294,6698.0,0.0,Fall River,Fall River County,SD
46049,45.07101587541827,-99.14529179174508,2323.0,0.0,Faulk,Faulk County,SD
46051,45.17193562491479,-96.7676831655971,7159.0,0.0,Grant,Grant County,SD
46053,43.19241820261057,-99.18560827261862,4206.0,0.0,Gregory,Gregory County,SD
46055,44.29443455663765,-101.5399315679188,1921.0,0.0,Haakon,Haakon County,SD
46057,44.67376004808615,-97.1883179497565,5998.0,0.0,Hamlin,Hamlin County,SD
46059,44.54777603285592,-99.00493072108964,3275.0,0.0,Hand,Hand County,SD
46061,43.674819396999375,-97.78732142463784,3409.0,0.0,Hanson,Hanson County,SD
46063,45.58033758076462,-103.49582378037974,1244.0,0.0,Harding,Harding County,SD
46065,44.3890215023096,-99.99601102062503,17670.0,0.0,Hughes,Hughes County,SD
46067,43.33486653006949,-97.7544267781528,7349.0,0.0,Hutchinson,Hutchinson County,SD
46069,44.54730858516753,-99.48705543442148,1297.0,0.0,Hyde,Hyde County,SD
46071,43.69425633969123,-101.62812688366068,3269.0,0.0,Jackson,Jackson County,SD
46073,44.06632275373551,-98.62969183651632,2024.0,0.0,Jerauld,Jerauld County,SD
46075,43.96059289937594,-100.68971047099794,922.0,0.0,Jones,Jones County,SD
46077,44.3695880414105,-97.49152277914725,4929.0,0.0,Kingsbury,Kingsbury County,SD
46079,44.02205747444026,-97.1293574261186,12795.0,0.0,Lake,Lake County,SD
46081,44.35864115190119,-103.79228381327457,25677.0,0.0,Lawrence,Lawrence County,SD
46083,43.278927777031925,-96.72176973754628,56681.0,0.0,Lincoln,Lincoln County,SD
46085,43.89582524212051,-99.8473726271842,3876.0,0.0,Lyman,Lyman County,SD
46087,43.6742994868196,-97.36844463267856,5561.0,0.0,McCook,McCook County,SD
46089,45.766405904240486,-99.22141007949224,2401.0,0.0,McPherson,McPherson County,SD
46091,45.75855963233264,-97.59864244403876,4945.0,0.0,Marshall,Marshall County,SD
46093,44.56679747475123,-102.71687953257414,27941.0,0.0,Meade,Meade County,SD
46095,43.581258509549336,-100.7599794308716,2063.0,0.0,Mellette,Mellette County,SD
46097,44.02194927384922,-97.61019678886662,2200.0,0.0,Miner,Miner County,SD
46099,43.67415868291216,-96.7914709530974,189538.0,0.0,Minnehaha,Minnehaha County,SD
46101,44.02196732303407,-96.67088651439646,6494.0,0.0,Moody,Moody County,SD
00nan,,,,,,,
46103,44.00373167398417,-102.82381998620647,110503.0,0.0,Pennington,Pennington County,SD
46105,45.490449942707066,-102.4756676487994,2962.0,0.0,Perkins,Perkins County,SD
46107,45.064524378163824,-99.95723872939644,2214.0,0.0,Potter,Potter County,SD
46109,45.62956820845965,-96.9460979640971,10265.0,0.0,Roberts,Roberts County,SD
46111,44.02341941651268,-98.09134874631802,2435.0,0.0,Sanborn,Sanborn County,SD
46115,44.938023696313344,-98.34620254304656,6507.0,0.0,Spink,Spink County,SD
46117,44.412307011432645,-100.73591599340656,2986.0,0.0,Stanley,Stanley County,SD
46119,44.7155837540333,-100.13220749728757,1398.0,0.0,Sully,Sully County,SD
46121,43.193384989615126,-100.71845039420212,10277.0,0.0,Todd,Todd County,SD
46123,43.34592932049937,-99.88395938932578,5443.0,0.0,Tripp,Tripp County,SD
46125,43.31089407750368,-97.14867176736249,8303.0,0.0,Turner,Turner County,SD
46127,42.8325750305169,-96.65602658576898,15277.0,0.0,Union,Union County,SD
46129,45.42995122403696,-100.03153981759628,5497.0,0.0,Walworth,Walworth County,SD
46135,43.00897405385492,-97.39476433703663,22682.0,0.0,Yankton,Yankton County,SD
46137,44.98041034979332,-101.66578965613844,2748.0,0.0,Ziebach,Ziebach County,SD
47001,36.11845148128853,-84.19846073669534,76056.0,0.0,Anderson,Anderson County,TN
47003,35.51380476555464,-86.45888900473659,48211.0,0.0,Bedford,Bedford County,TN
47005,36.06978950800789,-88.06830488241243,15993.0,0.0,Benton,Benton County,TN
47007,35.59640930355916,-85.20516183601893,14895.0,0.0,Bledsoe,Bledsoe County,TN
47009,35.68722839200412,-83.92552923071148,129999.0,0.0,Blount,Blount County,TN
47011,35.15410061253393,-84.85959451800447,105421.0,0.0,Bradley,Bradley County,TN
47013,36.40352776622807,-84.14940533620364,39791.0,0.0,Campbell,Campbell County,TN
47015,35.80868570084009,-86.06174302500837,14157.0,0.0,Cannon,Cannon County,TN
47017,35.97315279381705,-88.45027905706911,27807.0,0.0,Carroll,Carroll County,TN
47019,36.29275927580109,-82.12747695638289,56510.0,0.0,Carter,Carter County,TN
47021,36.2611376123664,-87.08675949355067,40366.0,1.0,Cheatham,Cheatham County,TN
47023,35.421747706533964,-88.61345480956945,17154.0,0.0,Chester,Chester County,TN
47025,36.48585714018743,-83.66041773671687,31661.0,0.0,Claiborne,Claiborne County,TN
47027,36.55114037099097,-85.54391805544759,7663.0,0.0,Clay,Clay County,TN
47029,35.925434412343606,-83.12118848186016,35528.0,0.0,Cocke,Cocke County,TN
47031,35.4906131986046,-86.07475654839341,55016.0,0.0,Coffee,Coffee County,TN
47033,35.81353541595398,-89.13950814069284,14436.0,0.0,Crockett,Crockett County,TN
47035,35.950375189659624,-84.99836979786701,59023.0,0.0,Cumberland,Cumberland County,TN
47037,36.16946268789808,-86.7849026749986,687159.0,1.0,Davidson,Davidson County,TN
47039,35.603049318035985,-88.1087922193348,11732.0,0.0,Decatur,Decatur County,TN
47041,35.9798518334726,-85.8327763049323,19876.0,0.0,DeKalb,DeKalb County,TN
47043,36.14903493879461,-87.3566629627475,52774.0,0.0,Dickson,Dickson County,TN
47045,36.059051495589046,-89.41377363962656,37339.0,1.0,Dyer,Dyer County,TN
47047,35.197104551126465,-89.41437025689696,40150.0,1.0,Fayette,Fayette County,TN
47049,36.380478008914665,-84.93244518930273,18214.0,0.0,Fentress,Fentress County,TN
47051,35.15503594826839,-86.0921895793392,41623.0,0.0,Franklin,Franklin County,TN
47053,35.99660676699474,-88.93261999659848,49255.0,0.0,Gibson,Gibson County,TN
47055,35.20214326159524,-87.03479108262633,29379.0,0.0,Giles,Giles County,TN
47057,36.27625344836054,-83.50962251261006,23106.0,0.0,Grainger,Grainger County,TN
47059,36.17533973608096,-82.84582145016934,68821.0,0.0,Greene,Greene County,TN
47061,35.38839274171391,-85.72259530877453,13332.0,0.0,Grundy,Grundy County,TN
47063,36.21714260943468,-83.26666554775973,64062.0,0.0,Hamblen,Hamblen County,TN
47065,35.18082806102839,-85.16479532924502,361032.0,1.0,Hamilton,Hamilton County,TN
47067,36.52361281603542,-83.22189442218084,6593.0,0.0,Hancock,Hancock County,TN
47069,35.2068406883778,-88.99307256539204,25488.0,0.0,Hardeman,Hardeman County,TN
47071,35.198699274767264,-88.18448985458885,25738.0,0.0,Hardin,Hardin County,TN
47073,36.441176610860666,-82.94466658399259,56620.0,0.0,Hawkins,Hawkins County,TN
47075,35.58323050014026,-89.28381348752102,17607.0,0.0,Haywood,Haywood County,TN
47077,35.65422673748731,-88.38802322667259,27851.0,0.0,Henderson,Henderson County,TN
47079,36.33177903901318,-88.30127889364344,32380.0,0.0,Henry,Henry County,TN
47081,35.80323205349475,-87.4733389237398,24839.0,0.0,Hickman,Hickman County,TN
47083,36.285980137385664,-87.71707460949784,8158.0,0.0,Houston,Houston County,TN
47085,36.04082057412237,-87.77562408292474,18503.0,0.0,Humphreys,Humphreys County,TN
47087,36.35920545304556,-85.67315655917189,11702.0,0.0,Jackson,Jackson County,TN
47089,36.050988654792825,-83.44629608465164,53730.0,0.0,Jefferson,Jefferson County,TN
47091,36.45494004536102,-81.85176279842241,17603.0,0.0,Johnson,Johnson County,TN
47093,35.993221376577054,-83.93708999858032,461565.0,0.0,Knox,Knox County,TN
47095,36.33524744811438,-89.49353492745608,7451.0,1.0,Lake,Lake County,TN
47097,35.76098786264859,-89.63145278602218,26093.0,0.0,Lauderdale,Lauderdale County,TN
47099,35.2173498045574,-87.39559309255944,43388.0,0.0,Lawrence,Lawrence County,TN
47101,35.52727252102097,-87.49310494821142,12025.0,0.0,Lewis,Lewis County,TN
47103,35.14053068521364,-86.58897289547293,33892.0,0.0,Lincoln,Lincoln County,TN
47105,35.73479045962348,-84.31186678142004,52260.0,0.0,Loudon,Loudon County,TN
47107,35.42475718173863,-84.61746640025663,52931.0,0.0,McMinn,McMinn County,TN
47109,35.175507773726125,-88.56360605599319,26001.0,0.0,McNairy,McNairy County,TN
47111,36.53199850311672,-86.00726998541924,23905.0,0.0,Macon,Macon County,TN
47113,35.60814528828988,-88.83845687163955,97491.0,0.0,Madison,Madison County,TN
47115,35.1293379559032,-85.62207592097823,28406.0,1.0,Marion,Marion County,TN
47117,35.46886071052407,-86.7650089855677,33020.0,0.0,Marshall,Marshall County,TN
47119,35.61694096315573,-87.07702038449253,92237.0,0.0,Maury,Maury County,TN
47121,35.51280467698979,-84.81339888189468,12042.0,0.0,Meigs,Meigs County,TN
47123,35.44264940068238,-84.2527355936455,46035.0,0.0,Monroe,Monroe County,TN
47125,36.49688738208723,-87.38281306671738,199771.0,0.0,Montgomery,Montgomery County,TN
47127,35.28461729501555,-86.35873329088214,6391.0,0.0,Moore,Moore County,TN
47129,36.13500770734178,-84.64919845081377,21555.0,0.0,Morgan,Morgan County,TN
47131,36.35821094963654,-89.14878280957907,30375.0,1.0,Obion,Obion County,TN
47133,36.3449831185997,-85.28808434653997,21998.0,0.0,Overton,Overton County,TN
47135,35.64263582196204,-87.85895041346353,7954.0,0.0,Perry,Perry County,TN
47137,36.55840284701173,-85.07488135104526,5062.0,0.0,Pickett,Pickett County,TN
47139,35.11988768199737,-84.52332549908576,16759.0,0.0,Polk,Polk County,TN
47141,36.140820483283285,-85.49516191650318,77299.0,0.0,Putnam,Putnam County,TN
47143,35.60872090439879,-84.92439864843962,32671.0,0.0,Rhea,Rhea County,TN
47145,35.84785734964126,-84.52323918125606,53020.0,0.0,Roane,Roane County,TN
47147,36.52547374165001,-86.87058469399366,70328.0,1.0,Robertson,Robertson County,TN
47149,35.842715700716525,-86.41673530359358,316531.0,1.0,Rutherford,Rutherford County,TN
47151,36.42850018566745,-84.50348841270537,21964.0,0.0,Scott,Scott County,TN
47153,35.3711522570418,-85.41057846956626,14767.0,0.0,Sequatchie,Sequatchie County,TN
47155,35.78463250797668,-83.5241834657682,97307.0,0.0,Sevier,Sevier County,TN
47157,35.18398499433631,-89.89555109715515,935251.0,1.0,Shelby,Shelby County,TN
47159,36.25050272684935,-85.9567195352338,19732.0,0.0,Smith,Smith County,TN
47161,36.501158294240014,-87.83844655170552,13422.0,0.0,Stewart,Stewart County,TN
47163,36.51291124678806,-82.30418123720253,156924.0,0.0,Sullivan,Sullivan County,TN
47165,36.46937412469518,-86.46037758913411,183756.0,1.0,Sumner,Sumner County,TN
47167,35.49687082518265,-89.75920703629036,61305.0,1.0,Tipton,Tipton County,TN
47169,36.3920582312717,-86.1567582307873,10831.0,0.0,Trousdale,Trousdale County,TN
47171,36.11074116202203,-82.43230584675364,17796.0,0.0,Unicoi,Unicoi County,TN
47173,36.287872194861286,-83.83753286603823,19399.0,0.0,Union,Union County,TN
47175,35.69597095716198,-85.45263101250512,5747.0,0.0,Van Buren,Van Buren County,TN
47177,35.67869825921161,-85.77851004097846,40717.0,0.0,Warren,Warren County,TN
47179,36.29328656478504,-82.49742140280077,127603.0,0.0,Washington,Washington County,TN
47181,35.23991155750818,-87.78805127284134,16641.0,0.0,Wayne,Wayne County,TN
47183,36.29826033473135,-88.71780132301868,33325.0,0.0,Weakley,Weakley County,TN
47185,35.92636016262836,-85.45519860836855,26764.0,0.0,White,White County,TN
47187,35.89377709661796,-86.89859694948746,226048.0,1.0,Williamson,Williamson County,TN
47189,36.15485989009981,-86.29773039676498,136691.0,1.0,Wilson,Wilson County,TN
48001,31.813315881605064,-95.65253906023732,58175.0,0.0,Anderson,Anderson County,TX
48003,32.3050303065035,-102.637737443048,17603.0,0.0,Andrews,Andrews County,TX
48005,31.254773253634934,-94.6118544141292,87572.0,0.0,Angelina,Angelina County,TX
48007,28.12486687490715,-96.99339368008933,25392.0,1.0,Aransas,Aransas County,TX
48009,33.615230810089926,-98.687628570275,8783.0,0.0,Archer,Archer County,TX
48011,34.96494291716541,-101.35738391020796,1867.0,0.0,Armstrong,Armstrong County,TX
48013,28.893509198441823,-98.52715240809088,49083.0,0.0,Atascosa,Atascosa County,TX
48015,29.88700325164579,-96.27789513019934,29722.0,0.0,Austin,Austin County,TX
48017,34.06857068847225,-102.82987661782332,7066.0,0.0,Bailey,Bailey County,TX
48019,29.74721062318023,-99.24630536389964,22327.0,0.0,Bandera,Bandera County,TX
48021,30.103600434165813,-97.31202051044548,84585.0,0.0,Bastrop,Bastrop County,TX
48023,33.616515158496824,-99.2135272761674,3555.0,0.0,Baylor,Baylor County,TX
48025,28.41737148687723,-97.74116665682791,32592.0,1.0,Bee,Bee County,TX
48027,31.037663815251666,-97.4782333784156,347377.0,0.0,Bell,Bell County,TX
48029,29.4489393266436,-98.52000625221672,1956988.0,0.0,Bexar,Bexar County,TX
48031,30.266361080676823,-98.39987720909296,11481.0,0.0,Blanco,Blanco County,TX
48033,32.74363987767022,-101.43171744180812,670.0,0.0,Borden,Borden County,TX
48035,31.900383005377133,-97.63432492209728,18295.0,0.0,Bosque,Bosque County,TX
48037,33.445783005428744,-94.42336576671266,93458.0,0.0,Bowie,Bowie County,TX
48039,29.18965447075372,-95.45192143681184,361853.0,1.0,Brazoria,Brazoria County,TX
48041,30.66080867386137,-96.30238527664964,223917.0,0.0,Brazos,Brazos County,TX
48043,29.81193993306029,-103.25173892366068,9325.0,0.0,Brewster,Brewster County,TX
48045,34.53027498991687,-101.20855262907138,1514.0,0.0,Briscoe,Briscoe County,TX
48047,27.03158303654099,-98.21874156786794,7132.0,0.0,Brooks,Brooks County,TX
48049,31.77424812056551,-98.99978018610769,37815.0,0.0,Brown,Brown County,TX
48051,30.49247529407536,-96.62144189323328,18053.0,0.0,Burleson,Burleson County,TX
48053,30.78834081171445,-98.18244702201524,46600.0,0.0,Burnet,Burnet County,TX
48055,29.83708437222396,-97.6199938339112,42328.0,0.0,Caldwell,Caldwell County,TX
48057,28.50665714655526,-96.60200869919473,21712.0,1.0,Calhoun,Calhoun County,TX
48059,32.29764748776686,-99.37348539100172,13968.0,0.0,Callahan,Callahan County,TX
48061,26.133456436731272,-97.51799579770056,422227.0,1.0,Cameron,Cameron County,TX
48063,32.97321513898223,-94.97851851527538,12845.0,0.0,Camp,Camp County,TX
48065,35.403490932450715,-101.35420153435048,6005.0,0.0,Carson,Carson County,TX
48067,33.07753691315197,-94.34354542419892,29966.0,0.0,Cass,Cass County,TX
48069,34.52988919583833,-102.2616710882322,7696.0,0.0,Castro,Castro County,TX
48071,29.73859831399345,-94.61100186670888,41269.0,1.0,Chambers,Chambers County,TX
48073,31.836964296544423,-95.1651948588703,52116.0,0.0,Cherokee,Cherokee County,TX
48075,34.52914368518484,-100.20761598032472,7269.0,0.0,Childress,Childress County,TX
48077,33.78550439738051,-98.20852025107207,10484.0,0.0,Clay,Clay County,TX
48079,33.604176103294584,-102.82850594638104,2853.0,0.0,Cochran,Cochran County,TX
48081,31.888632378070792,-100.52992264880848,3285.0,0.0,Coke,Coke County,TX
48083,31.77320661732217,-99.45363355674306,8399.0,0.0,Coleman,Coleman County,TX
48085,33.18793362653389,-96.57239437888596,971864.0,0.0,Collin,Collin County,TX
48087,34.96483520836811,-100.270014581735,2964.0,0.0,Collingsworth,Collingsworth County,TX
48089,29.62082122248229,-96.52626769578916,21291.0,0.0,Colorado,Colorado County,TX
48091,29.808187882830723,-98.2782757264345,140721.0,0.0,Comal,Comal County,TX
48093,31.94797937443323,-98.55823747784544,13533.0,0.0,Comanche,Comanche County,TX
48095,31.32657458213995,-99.86402965332697,2707.0,0.0,Concho,Concho County,TX
48097,33.63925934997813,-97.2125877538336,39932.0,0.0,Cooke,Cooke County,TX
48099,31.390917386185563,-97.79920841752758,74760.0,0.0,Coryell,Coryell County,TX
48101,34.07763760365228,-100.27877864255338,1375.0,0.0,Cottle,Cottle County,TX
48103,31.428618479029836,-102.51559245403222,4685.0,0.0,Crane,Crane County,TX
48105,30.723083636845693,-101.412041006115,3535.0,0.0,Crockett,Crockett County,TX
48107,33.614664937025324,-101.2999866283184,5849.0,0.0,Crosby,Crosby County,TX
48109,31.447067090216294,-104.5173202574389,2230.0,0.0,Culberson,Culberson County,TX
48111,36.27788094373909,-102.60221336375152,7272.0,0.0,Dallam,Dallam County,TX
48113,32.76663246789591,-96.77787636527192,2620154.0,0.0,Dallas,Dallas County,TX
48115,32.74255537075093,-101.94764639652298,12744.0,0.0,Dawson,Dawson County,TX
48117,34.965982171563674,-102.60494955971568,18753.0,0.0,Deaf Smith,Deaf Smith County,TX
48119,33.38627645461427,-95.67235150140536,5276.0,0.0,Delta,Delta County,TX
48121,33.20524325999502,-97.11700664329506,835364.0,0.0,Denton,Denton County,TX
48123,29.082064246998748,-97.35674400781387,20180.0,1.0,DeWitt,DeWitt County,TX
48125,33.6164654964509,-100.77890465701272,2190.0,0.0,Dickens,Dickens County,TX
48127,28.422538188956462,-99.75661908575984,10282.0,0.0,Dimmit,Dimmit County,TX
48129,34.9654353359945,-100.81398251224932,3340.0,0.0,Donley,Donley County,TX
48131,27.681382421324876,-98.50887077651728,11270.0,0.0,Duval,Duval County,TX
48133,32.32707519324501,-98.83230925906884,18294.0,0.0,Eastland,Eastland County,TX
48135,31.869186296725086,-102.54288059041274,156951.0,0.0,Ector,Ector County,TX
48137,29.98271561060592,-100.30476274037711,1929.0,0.0,Edwards,Edwards County,TX
48139,32.34842570432123,-96.7945057940051,173405.0,0.0,Ellis,Ellis County,TX
48141,31.76857316576367,-106.23483695867196,837401.0,0.0,El Paso,El Paso County,TX
48143,32.23625286094554,-98.21794263246024,41723.0,0.0,Erath,Erath County,TX
48145,31.253271870430453,-96.93586885040308,17340.0,0.0,Falls,Falls County,TX
48147,33.593832051790905,-96.10686437929816,34550.0,0.0,Fannin,Fannin County,TX
48149,29.87677323678879,-96.91977711855256,25119.0,0.0,Fayette,Fayette County,TX
48151,32.74281299411209,-100.40218603180443,3874.0,0.0,Fisher,Fisher County,TX
48153,34.072427053883175,-101.30323487596704,5830.0,0.0,Floyd,Floyd County,TX
48155,33.97458597001256,-99.77800333532224,1202.0,0.0,Foard,Foard County,TX
48157,29.527499754684246,-95.77089373671085,767712.0,1.0,Fort Bend,Fort Bend County,TX
48159,33.175525276350655,-95.21843447540276,10798.0,0.0,Franklin,Franklin County,TX
48161,31.704904435150013,-96.1490831888377,19649.0,0.0,Freestone,Freestone County,TX
48163,28.86778539742788,-99.10820434128424,19895.0,0.0,Frio,Frio County,TX
48165,32.74075234206098,-102.63517816732067,20553.0,0.0,Gaines,Gaines County,TX
48167,29.39309297057453,-94.96287862685436,334633.0,1.0,Galveston,Galveston County,TX
48169,33.1798664548793,-101.29845677415352,6490.0,0.0,Garza,Garza County,TX
48171,30.318058663776764,-98.94657337183727,26483.0,0.0,Gillespie,Gillespie County,TX
48173,31.86938033662204,-101.5207735818868,1363.0,0.0,Glasscock,Glasscock County,TX
48175,28.65708492662408,-97.42644809774065,7552.0,1.0,Goliad,Goliad County,TX
48177,29.45668016826421,-97.49254773258744,20742.0,0.0,Gonzales,Gonzales County,TX
48179,35.40120772158047,-100.81259483375965,22106.0,0.0,Gray,Gray County,TX
48181,33.62677627598754,-96.67772605493302,131152.0,0.0,Grayson,Grayson County,TX
48183,32.480467608928805,-94.81695533133986,122852.0,0.0,Gregg,Gregg County,TX
48185,30.54347251741259,-95.98550863982987,27955.0,0.0,Grimes,Grimes County,TX
48187,29.583058708349323,-97.94858727937684,159639.0,0.0,Guadalupe,Guadalupe County,TX
48189,34.070505359665795,-101.8268848464576,33954.0,0.0,Hale,Hale County,TX
48191,34.5307763383577,-100.68110461675744,3042.0,0.0,Hall,Hall County,TX
48193,31.70481289983645,-98.110706271466,8407.0,0.0,Hamilton,Hamilton County,TX
48195,36.2774294299283,-101.35457239924534,5485.0,0.0,Hansford,Hansford County,TX
48197,34.290245371980824,-99.74569205621556,3959.0,0.0,Hardeman,Hardeman County,TX
48199,30.332384251365948,-94.390213105854,57117.0,1.0,Hardin,Hardin County,TX
48201,29.857740646830784,-95.39361106361451,4657972.0,1.0,Harris,Harris County,TX
48203,32.548137472039976,-94.3714680572446,66468.0,0.0,Harrison,Harrison County,TX
48205,35.83998991330309,-102.60292304170808,5716.0,0.0,Hartley,Hartley County,TX
48207,33.17823032430645,-99.73029960141456,5699.0,0.0,Haskell,Haskell County,TX
48209,30.058144987376235,-98.03106515387208,214726.0,0.0,Hays,Hays County,TX
48211,35.83753810308259,-100.2706134777677,3929.0,0.0,Hemphill,Hemphill County,TX
48213,32.211892308439495,-95.85358060755516,80954.0,0.0,Henderson,Henderson County,TX
48215,26.396882865450497,-98.18120448864016,856249.0,0.0,Hidalgo,Hidalgo County,TX
48217,31.99067795201153,-97.13242844575056,35703.0,0.0,Hill,Hill County,TX
48219,33.60762983233766,-102.3431891189288,22977.0,0.0,Hockley,Hockley County,TX
48221,32.4299455930378,-97.832300636008,57973.0,0.0,Hood,Hood County,TX
48223,33.14955659909703,-95.56395117782874,36451.0,0.0,Hopkins,Hopkins County,TX
48225,31.317733933995815,-95.4226799173998,23089.0,0.0,Houston,Houston County,TX
48227,32.30616388029922,-101.43558617591805,35817.0,0.0,Howard,Howard County,TX
48229,31.45623459108431,-105.38646863915253,4604.0,0.0,Hudspeth,Hudspeth County,TX
48231,33.12358399588306,-96.08547892957516,94046.0,0.0,Hunt,Hunt County,TX
48233,35.84003726669177,-101.35468111185976,21343.0,0.0,Hutchinson,Hutchinson County,TX
48235,31.303914339229085,-100.9823901011178,1512.0,0.0,Irion,Irion County,TX
48237,33.23346321927161,-98.17247298639973,8828.0,0.0,Jack,Jack County,TX
48239,28.95423100015886,-96.57763357705076,14806.0,1.0,Jackson,Jackson County,TX
48241,30.74399658624193,-94.02510474597116,35549.0,1.0,Jasper,Jasper County,TX
48243,30.715374970187916,-104.13996239401948,2260.0,0.0,Jeff Davis,Jeff Davis County,TX
48245,29.884051788326964,-94.1629309233463,256041.0,1.0,Jefferson,Jefferson County,TX
48247,27.043419696004975,-98.69733191025438,5212.0,0.0,Jim Hogg,Jim Hogg County,TX
48249,27.73135053776934,-98.08986629129431,40920.0,1.0,Jim Wells,Jim Wells County,TX
48251,32.379012183087234,-97.36634757946112,167012.0,0.0,Johnson,Johnson County,TX
48253,32.73989505305068,-99.87875180063536,19827.0,0.0,Jones,Jones County,TX
48255,28.90572961216453,-97.85938193872882,15556.0,0.0,Karnes,Karnes County,TX
48257,32.599298212838306,-96.28777733740893,122628.0,0.0,Kaufman,Kaufman County,TX
48259,29.94466461346148,-98.71154963790408,43969.0,0.0,Kendall,Kendall County,TX
48261,26.92854550708576,-97.70173640819824,427.0,0.0,Kenedy,Kenedy County,TX
48263,33.18131878009199,-100.77763088230382,759.0,0.0,Kent,Kent County,TX
48265,30.061455258795046,-99.35001215727924,51892.0,0.0,Kerr,Kerr County,TX
48267,30.486797438542062,-99.74868810551462,4385.0,0.0,Kimble,Kimble County,TX
48269,33.61655013369963,-100.25584121665884,289.0,0.0,King,King County,TX
48271,29.35008992933723,-100.4179843743176,3711.0,0.0,Kinney,Kinney County,TX
48273,27.43370704819632,-97.72728276464063,30752.0,1.0,Kleberg,Kleberg County,TX
48275,33.60609235416951,-99.7414270079155,3674.0,0.0,Knox,Knox County,TX
48277,33.66724978132144,-95.57119689440944,49568.0,0.0,Lamar,Lamar County,TX
48279,34.06860858120226,-102.35171724899156,13165.0,0.0,Lamb,Lamb County,TX
48281,31.196212185923716,-98.24146399492008,20861.0,0.0,Lampasas,Lampasas County,TX
48283,28.345144796935795,-99.099566059864,7530.0,0.0,La Salle,La Salle County,TX
48285,29.38433980404462,-96.93012598054632,20028.0,1.0,Lavaca,Lavaca County,TX
48287,30.310653395293517,-96.96569147861304,17109.0,0.0,Lee,Lee County,TX
48289,31.29650287411505,-95.9956957763303,17235.0,0.0,Leon,Leon County,TX
48291,30.1515883566081,-94.8122016055274,83597.0,1.0,Liberty,Liberty County,TX
48293,31.545456802623765,-96.58050711895096,23391.0,0.0,Limestone,Limestone County,TX
48295,36.27763952911882,-100.27314838706876,3364.0,0.0,Lipscomb,Lipscomb County,TX
48297,28.35140099097796,-98.12482865076385,12146.0,1.0,Live Oak,Live Oak County,TX
48299,30.70575126004356,-98.68410776649534,21167.0,0.0,Llano,Llano County,TX
48301,31.84927266924885,-103.58001063874453,133.0,0.0,Loving,Loving County,TX
48303,33.61021106545937,-101.82052458851192,305413.0,0.0,Lubbock,Lubbock County,TX
48305,33.17683356008903,-101.81612544479049,5832.0,0.0,Lynn,Lynn County,TX
48307,31.198876378806645,-99.34753675641784,7941.0,0.0,McCulloch,McCulloch County,TX
48309,31.552376043540797,-97.2017573637162,251631.0,0.0,McLennan,McLennan County,TX
48311,28.35268319186982,-98.56785421502018,765.0,0.0,McMullen,McMullen County,TX
48313,30.96554442991765,-95.92841952932837,14251.0,0.0,Madison,Madison County,TX
48315,32.797986454617245,-94.35717355007893,10057.0,0.0,Marion,Marion County,TX
48317,32.30599108888129,-101.95127226550755,5531.0,0.0,Martin,Martin County,TX
48319,30.71772909610873,-99.22614530909723,4179.0,0.0,Mason,Mason County,TX
48321,28.82115927340041,-96.01099803476929,36805.0,1.0,Matagorda,Matagorda County,TX
48323,28.7424736752596,-100.3144797556453,58111.0,0.0,Maverick,Maverick County,TX
48325,29.355706327115254,-99.11008454704424,50183.0,0.0,Medina,Medina County,TX
48327,30.88982439832048,-99.82058960618512,2110.0,0.0,Menard,Menard County,TX
48329,31.869136889243457,-102.03159520426918,165318.0,0.0,Midland,Midland County,TX
48331,30.786345770775487,-96.97682573646932,24939.0,0.0,Milam,Milam County,TX
48333,31.49520116063392,-98.59545197661885,4917.0,0.0,Mills,Mills County,TX
48335,32.3062022923053,-100.92113937219897,8215.0,0.0,Mitchell,Mitchell County,TX
48337,33.675688911791184,-97.72464746068177,19399.0,0.0,Montague,Montague County,TX
48339,30.300196111565477,-95.50300143295472,571615.0,1.0,Montgomery,Montgomery County,TX
48341,35.83771454886299,-101.8929871425799,21604.0,0.0,Moore,Moore County,TX
48343,33.11346101268994,-94.73263640697792,12375.0,0.0,Morris,Morris County,TX
48345,34.07407125002204,-100.77980148240796,1226.0,0.0,Motley,Motley County,TX
48347,31.61598461517097,-94.61586933436008,65317.0,0.0,Nacogdoches,Nacogdoches County,TX
48349,32.04692683654908,-96.4724762702982,48739.0,0.0,Navarro,Navarro County,TX
48351,30.786253872756024,-93.7447954809614,13908.0,1.0,Newton,Newton County,TX
48353,32.30350935828972,-100.40595773219808,14854.0,0.0,Nolan,Nolan County,TX
48355,27.725539646983243,-97.61304228700538,361235.0,1.0,Nueces,Nueces County,TX
48357,36.27835758192422,-100.81566890983176,9996.0,0.0,Ochiltree,Ochiltree County,TX
48359,35.404992702985254,-102.60282039405996,2104.0,0.0,Oldham,Oldham County,TX
48361,30.12130463841431,-93.89388811777933,84971.0,1.0,Orange,Orange County,TX
48363,32.753152770018644,-98.31301531485606,28544.0,0.0,Palo Pinto,Palo Pinto County,TX
48365,32.162354930669416,-94.30558833740702,23211.0,0.0,Panola,Panola County,TX
48367,32.777647642921266,-97.80506716244152,133501.0,0.0,Parker,Parker County,TX
48369,34.5300724207117,-102.78447315859052,9710.0,0.0,Parmer,Parmer County,TX
48371,30.781011117091783,-102.72350610705686,15634.0,0.0,Pecos,Pecos County,TX
48373,30.79268902056137,-94.8300413660405,48990.0,0.0,Polk,Polk County,TX
48375,35.40128848035707,-101.89394512795262,120340.0,0.0,Potter,Potter County,TX
48377,29.999759127484364,-104.24051099260812,7100.0,0.0,Presidio,Presidio County,TX
48379,32.87034188196861,-95.79339636782032,11730.0,0.0,Rains,Rains County,TX
48381,34.96587246888944,-101.89705018352215,134015.0,0.0,Randall,Randall County,TX
48383,31.3661173730947,-101.52310377898785,3712.0,0.0,Reagan,Reagan County,TX
48385,29.831773742625803,-99.8221957104945,3417.0,0.0,Real,Real County,TX
48387,33.62075066775521,-95.05027317465692,12164.0,0.0,Red River,Red River County,TX
48389,31.323027337963776,-103.69298529425332,15166.0,0.0,Reeves,Reeves County,TX
48391,28.32525801774652,-97.1656250222705,7180.0,1.0,Refugio,Refugio County,TX
48393,35.83842430057228,-100.813570425658,941.0,0.0,Roberts,Roberts County,TX
48395,31.02706135592005,-96.5127938180521,17153.0,0.0,Robertson,Robertson County,TX
48397,32.897732155648015,-96.4077823909966,96824.0,0.0,Rockwall,Rockwall County,TX
48399,31.831118294380108,-99.97619278013082,10282.0,0.0,Runnels,Runnels County,TX
48401,32.10772245363543,-94.76188202687575,54213.0,0.0,Rusk,Rusk County,TX
48403,31.343226575456903,-93.85171923146572,10417.0,0.0,Sabine,Sabine County,TX
48405,31.39422197942492,-94.16818962905069,8302.0,0.0,San Augustine,San Augustine County,TX
48407,30.579530102358277,-95.16689050545251,28231.0,0.0,San Jacinto,San Jacinto County,TX
48409,28.009146737141805,-97.51869290700458,67210.0,1.0,San Patricio,San Patricio County,TX
48411,31.15520193654526,-98.8175859951632,5996.0,0.0,San Saba,San Saba County,TX
48413,30.89742111636334,-100.53831610135352,2989.0,0.0,Schleicher,Schleicher County,TX
48415,32.74628294105909,-100.91642929280115,17003.0,0.0,Scurry,Scurry County,TX
48417,32.735948553995165,-99.35404645860596,3289.0,0.0,Shackelford,Shackelford County,TX
48419,31.792418211787275,-94.14496109553876,25225.0,0.0,Shelby,Shelby County,TX
48421,36.27772008689123,-101.89343611766375,3046.0,0.0,Sherman,Sherman County,TX
48423,32.375041375600254,-95.26917490167756,227195.0,0.0,Smith,Smith County,TX
48425,32.22225654347433,-97.77435475608016,8855.0,0.0,Somervell,Somervell County,TX
48427,26.562096939253376,-98.73868389975392,64130.0,0.0,Starr,Starr County,TX
48429,32.7358716309113,-98.83618395782158,9287.0,0.0,Stephens,Stephens County,TX
48431,31.827798613908914,-101.05005648469464,1287.0,0.0,Sterling,Sterling County,TX
48433,33.17918978521541,-100.25335968246542,1376.0,0.0,Stonewall,Stonewall County,TX
48435,30.49836827603731,-100.53818159300904,3792.0,0.0,Sutton,Sutton County,TX
48437,34.530393659209786,-101.7349941459169,7446.0,0.0,Swisher,Swisher County,TX
48439,32.77156122775234,-97.2912267470406,2056451.0,0.0,Tarrant,Tarrant County,TX
48441,32.301461636754354,-99.89012018374532,136634.0,0.0,Taylor,Taylor County,TX
48443,30.224974783290747,-102.076504413563,814.0,0.0,Terrell,Terrell County,TX
48445,33.17380745989543,-102.33516367986384,12429.0,0.0,Terry,Terry County,TX
48447,33.17748703398847,-99.21234793885512,1510.0,0.0,Throckmorton,Throckmorton County,TX
48449,33.21658854491053,-94.96568481239828,32619.0,0.0,Titus,Titus County,TX
48451,31.40445007928309,-100.46214573677436,117566.0,0.0,Tom Green,Tom Green County,TX
48453,30.334685528496905,-97.78195325214732,1227585.0,0.0,Travis,Travis County,TX
48455,31.088832070366315,-95.13550856855524,14677.0,0.0,Trinity,Trinity County,TX
48457,30.77123446094443,-94.37660053520636,21517.0,0.0,Tyler,Tyler County,TX
48459,32.73626803795306,-94.94148003060492,41069.0,0.0,Upshur,Upshur County,TX
48461,31.3687879384585,-102.04314736932623,3658.0,0.0,Upton,Upton County,TX
48463,29.35730757689212,-99.76219931422182,27043.0,0.0,Uvalde,Uvalde County,TX
48465,29.89294989302876,-101.15173778854935,49028.0,0.0,Val Verde,Val Verde County,TX
48467,32.56371344400309,-95.8364954754058,55163.0,0.0,Van Zandt,Van Zandt County,TX
48469,28.79635244762291,-96.97152146084628,92045.0,1.0,Victoria,Victoria County,TX
48471,30.739026987542825,-95.57230244087243,72816.0,0.0,Walker,Walker County,TX
48473,30.010822951711955,-95.98765001607552,51717.0,1.0,Waller,Waller County,TX
48475,31.509492592547076,-103.10250119940711,11383.0,0.0,Ward,Ward County,TX
48477,30.21452401808901,-96.40344051802865,34861.0,0.0,Washington,Washington County,TX
48479,27.761114488889707,-99.33152013397782,273691.0,0.0,Webb,Webb County,TX
48481,29.277881753907156,-96.22209611996358,41837.0,1.0,Wharton,Wharton County,TX
48483,35.40121201184769,-100.26976779555795,5300.0,0.0,Wheeler,Wheeler County,TX
48485,33.98790576843374,-98.70361326671691,131689.0,0.0,Wichita,Wichita County,TX
48487,34.08077665045468,-99.24100874264316,12683.0,0.0,Wilbarger,Wilbarger County,TX
48489,26.46964590177111,-97.66121255601628,21508.0,1.0,Willacy,Willacy County,TX
48491,30.648032505296637,-97.60075091593896,546251.0,0.0,Williamson,Williamson County,TX
48493,29.17399580222999,-98.08656724017592,49211.0,0.0,Wilson,Wilson County,TX
48495,31.850060607094964,-103.0483406584058,7605.0,0.0,Winkler,Winkler County,TX
48497,33.21591534094126,-97.65448201322856,65848.0,0.0,Wise,Wise County,TX
48499,32.786407680170555,-95.38207407078976,44263.0,0.0,Wood,Wood County,TX
48501,33.172994511324376,-102.8277829020576,8557.0,0.0,Yoakum,Yoakum County,TX
48503,33.17663362700403,-98.687746297064,17922.0,0.0,Young,Young County,TX
48505,27.00077886072772,-99.16864636711614,14254.0,0.0,Zapata,Zapata County,TX
48507,28.86618187439969,-99.76055849447708,11957.0,0.0,Zavala,Zavala County,TX
49001,38.35696383155325,-113.23547771441136,6421.0,0.0,Beaver,Beaver County,UT
49003,41.52096322596756,-113.0821217291914,53977.0,0.0,Box Elder,Box Elder County,UT
49005,41.72241804207513,-111.74358527842816,124236.0,0.0,Cache,Cache County,UT
49007,39.64811271653063,-110.58874277412887,20131.0,0.0,Carbon,Carbon County,UT
49009,40.88729153723342,-109.50771676512304,1013.0,0.0,Daggett,Daggett County,UT
49011,40.990024723413256,-112.11145397724236,346658.0,0.0,Davis,Davis County,UT
49013,40.29822823842736,-110.42516749417268,19868.0,0.0,Duchesne,Duchesne County,UT
49015,38.996748679212,-110.70061061578892,10006.0,0.0,Emery,Emery County,UT
49017,37.85489211256219,-111.44309638296592,5025.0,0.0,Garfield,Garfield County,UT
49019,38.981973171930136,-109.56985658489046,9589.0,0.0,Grand,Grand County,UT
49021,37.85917721739006,-113.28950558299738,50761.0,0.0,Iron,Iron County,UT
49023,39.70273505266966,-112.78482353568148,11293.0,0.0,Juab,Juab County,UT
49025,37.28507348235585,-111.88783612915104,7520.0,0.0,Kane,Kane County,UT
49027,39.07323918116387,-113.10061367622892,12821.0,0.0,Millard,Millard County,UT
49029,41.08931568506504,-111.57315171535625,11829.0,0.0,Morgan,Morgan County,UT
49031,38.336658920646855,-112.12732083342264,1407.0,0.0,Piute,Piute County,UT
49033,41.6322175451279,-111.24448609165545,2395.0,0.0,Rich,Rich County,UT
49035,40.66732534597581,-111.92360261180517,1136719.0,0.0,Salt Lake,Salt Lake County,UT
49037,37.62601416529955,-109.80453982057332,15277.0,0.0,San Juan,San Juan County,UT
49039,39.3739399066248,-111.57630144223778,29921.0,0.0,Sanpete,Sanpete County,UT
49041,38.74776984821129,-111.80446562586673,21292.0,0.0,Sevier,Sevier County,UT
49043,40.86822663481422,-110.95569815304955,41330.0,0.0,Summit,Summit County,UT
49045,40.44875463115319,-113.13109629796482,67486.0,0.0,Tooele,Tooele County,UT
49047,40.12478778351965,-109.51862397003808,35228.0,0.0,Uintah,Uintah County,UT
49049,40.11991972362799,-111.67027373130578,606742.0,0.0,Utah,Utah County,UT
49051,40.33078060954435,-111.16815301366236,31890.0,0.0,Wasatch,Wasatch County,UT
49053,37.28037666677322,-113.50476939765602,165929.0,0.0,Washington,Washington County,UT
49055,38.32435475848535,-110.90385554996176,2702.0,0.0,Wayne,Wayne County,UT
49057,41.26982174579644,-111.91339537122792,251576.0,0.0,Weber,Weber County,UT
50001,44.030909638178485,-73.14082614709422,36900.0,0.0,Addison,Addison County,VT
50003,43.035429476407245,-73.09296527855317,35675.0,0.0,Bennington,Bennington County,VT
50005,44.46469398339264,-72.10220187005594,30141.0,0.0,Caledonia,Caledonia County,VT
50007,44.46100167072977,-73.0809130586804,163031.0,0.0,Chittenden,Chittenden County,VT
50009,44.72798813017813,-71.73622908732891,6184.0,0.0,Essex,Essex County,VT
50011,44.85749429076907,-72.9120054477601,48969.0,0.0,Franklin,Franklin County,VT
50013,44.79675860516276,-73.2948541811107,6975.0,0.0,Grand Isle,Grand Isle County,VT
50015,44.605756690862,-72.6413810137293,25360.0,0.0,Lamoille,Lamoille County,VT
50017,44.00565673261134,-72.37679836163184,28964.0,0.0,Orange,Orange County,VT
50019,44.82880277814724,-72.24374102780904,26811.0,0.0,Orleans,Orleans County,VT
50021,43.58008286034418,-73.03662996426205,59006.0,0.0,Rutland,Rutland County,VT
50023,44.27344159068664,-72.6149483634049,58253.0,0.0,Washington,Washington County,VT
50025,42.99060811644621,-72.71379185395787,42851.0,0.0,Windham,Windham County,VT
50027,43.58000826051122,-72.58623194402792,55224.0,0.0,Windsor,Windsor County,VT
51001,37.76426023209734,-75.63327003791105,32685.0,0.0,Accomack,Accomack County,VA
51003,38.02287759663347,-78.55671537129798,107768.0,0.0,Albemarle,Albemarle County,VA
51005,37.78779085023435,-80.00622877897763,15128.0,0.0,Alleghany,Alleghany County,VA
51007,37.33600465058163,-77.97611808409782,12980.0,0.0,Amelia,Amelia County,VA
51009,37.60479908909775,-79.1451485938042,31863.0,0.0,Amherst,Amherst County,VA
51011,37.37228236970667,-78.81257905674516,15723.0,0.0,Appomattox,Appomattox County,VA
51013,38.8785713616936,-77.10107157514582,234647.0,0.0,Arlington,Arlington County,VA
51015,38.16444078369613,-79.13383576723334,75177.0,0.0,Augusta,Augusta County,VA
51017,38.0587099157618,-79.74107715366856,4266.0,0.0,Bath,Bath County,VA
51019,37.31516900042527,-79.52418923035417,78378.0,0.0,Bedford,Bedford County,VA
51021,37.1339868410361,-81.13020783318629,6354.0,0.0,Bland,Bland County,VA
51023,37.55712159503996,-79.8123313760731,33313.0,0.0,Botetourt,Botetourt County,VA
51025,36.76477742956736,-77.85902720663871,16570.0,0.0,Brunswick,Brunswick County,VA
51027,37.26661036432159,-82.03600892240621,21604.0,0.0,Buchanan,Buchanan County,VA
51029,37.57217561071016,-78.52879062955627,17038.0,0.0,Buckingham,Buckingham County,VA
51031,37.20534486531896,-79.09655779850844,55326.0,0.0,Campbell,Campbell County,VA
51033,38.02671221962879,-77.34705048534467,30432.0,0.0,Caroline,Caroline County,VA
51035,36.73157686563918,-80.73388229819798,29812.0,0.0,Carroll,Carroll County,VA
51036,37.35671581170286,-77.06222013693369,7026.0,0.0,Charles City,Charles City County,VA
51037,37.01162040526079,-78.66164970289502,12077.0,0.0,Charlotte,Charlotte County,VA
51041,37.37854090721149,-77.58697619345364,343276.0,0.0,Chesterfield,Chesterfield County,VA
51043,39.1123089307132,-77.99668583322551,14454.0,0.0,Clarke,Clarke County,VA
51045,37.48168200878604,-80.21142480729073,5062.0,0.0,Craig,Craig County,VA
51047,38.486030853686,-77.95583645084646,51235.0,0.0,Culpeper,Culpeper County,VA
51049,37.51212579911948,-78.24495090432565,9828.0,0.0,Cumberland,Cumberland County,VA
51051,37.12581045356833,-82.35036782359181,14722.0,0.0,Dickenson,Dickenson County,VA
51053,37.0759385579137,-77.63226859497694,28630.0,0.0,Dinwiddie,Dinwiddie County,VA
51057,37.94341291001428,-76.95145337014166,10969.0,0.0,Essex,Essex County,VA
51059,38.83683863464571,-77.27698979001563,1148728.0,0.0,Fairfax,Fairfax County,VA
51061,38.73864481170612,-77.80923626402493,69547.0,0.0,Fauquier,Fauquier County,VA
51063,36.93162693312358,-80.36252547816763,15758.0,0.0,Floyd,Floyd County,VA
51065,37.84188739445802,-78.27731280093887,26480.0,0.0,Fluvanna,Fluvanna County,VA
51067,36.99195632143014,-79.8810584565401,56315.0,0.0,Franklin,Franklin County,VA
51069,39.20457837584963,-78.26254556023112,86456.0,0.0,Frederick,Frederick County,VA
51071,37.31424646341328,-80.70293917317055,16754.0,0.0,Giles,Giles County,VA
51073,37.41595857042961,-76.54343500045589,37295.0,0.0,Gloucester,Gloucester County,VA
51075,37.72174520103876,-77.91596084711195,22703.0,0.0,Goochland,Goochland County,VA
51077,36.656554926771165,-81.22477596706075,15697.0,0.0,Grayson,Grayson County,VA
51079,38.29760296778908,-78.46688987444722,19593.0,0.0,Greene,Greene County,VA
51081,36.675888616570106,-77.55957615644645,11569.0,0.0,Greensville,Greensville County,VA
51083,36.76689218969639,-78.93661835353817,34575.0,0.0,Halifax,Halifax County,VA
51085,37.76014549264049,-77.49117255362032,105674.0,0.0,Hanover,Hanover County,VA
51087,37.53798063519301,-77.4058256438242,327559.0,0.0,Henrico,Henrico County,VA
51089,36.68277305748036,-79.87395941347786,51346.0,0.0,Henry,Henry County,VA
51091,38.36232104634372,-79.5685515185617,2217.0,0.0,Highland,Highland County,VA
51093,36.891291135433086,-76.72583435912784,36571.0,0.0,Isle of Wight,Isle of Wight County,VA
51095,37.3287914648833,-76.7787629236908,75274.0,0.0,James City,James City County,VA
51097,37.71863506912091,-76.89527469348914,6999.0,0.0,King and Queen,King and Queen County,VA
51099,38.27335978484805,-77.15722178625144,26337.0,0.0,King George,King George County,VA
51101,37.70660956431987,-77.08855154642215,16684.0,0.0,King William,King William County,VA
51103,37.7345334786718,-76.46322989124788,10725.0,0.0,Lancaster,Lancaster County,VA
51105,36.705403030716,-83.12857041935068,23900.0,0.0,Lee,Lee County,VA
51107,39.09065241889037,-77.6357214432325,397049.0,0.0,Loudoun,Loudoun County,VA
51109,37.97819587074533,-77.9628903211767,35912.0,0.0,Louisa,Louisa County,VA
51111,36.9462194902634,-78.24055796447078,12333.0,0.0,Lunenburg,Lunenburg County,VA
51113,38.413722613770105,-78.27923687275012,13212.0,0.0,Madison,Madison County,VA
51115,37.43539057226032,-76.3436480680691,8709.0,0.0,Mathews,Mathews County,VA
51117,36.68035618564978,-78.36274485661905,30693.0,0.0,Mecklenburg,Mecklenburg County,VA
51119,37.63027503430916,-76.56974887061226,10625.0,0.0,Middlesex,Middlesex County,VA
51121,37.17428705412194,-80.38720714243931,98142.0,0.0,Montgomery,Montgomery County,VA
51125,37.7873586707105,-78.88683627046966,14800.0,0.0,Nelson,Nelson County,VA
51127,37.50521623429971,-76.99735112411817,21638.0,0.0,New Kent,New Kent County,VA
51131,37.34298527470178,-75.87697256101863,11872.0,0.0,Northampton,Northampton County,VA
51133,37.88761799465769,-76.41965251596743,12271.0,0.0,Northumberland,Northumberland County,VA
51135,37.1430476848371,-78.05125398795268,15432.0,0.0,Nottoway,Nottoway County,VA
51137,38.24619918254408,-78.01368670926915,35870.0,0.0,Orange,Orange County,VA
51139,38.6194388555828,-78.48438879271588,23784.0,0.0,Page,Page County,VA
51141,36.6783124550377,-80.28439620956931,17713.0,0.0,Patrick,Patrick County,VA
51143,36.821255427865,-79.39710401148399,61309.0,0.0,Pittsylvania,Pittsylvania County,VA
51145,37.55018051240227,-77.91521122110998,28716.0,0.0,Powhatan,Powhatan County,VA
51147,37.22428643218896,-78.44107053845698,22678.0,0.0,Prince Edward,Prince Edward County,VA
51149,37.1865562272089,-77.22419046096006,38006.0,0.0,Prince George,Prince George County,VA
51153,38.7030069706026,-77.48085652553023,463069.0,0.0,Prince William,Prince William County,VA
51155,37.06355074440005,-80.71439505078816,34225.0,0.0,Pulaski,Pulaski County,VA
51157,38.68479451971289,-78.15922715408138,7393.0,0.0,Rappahannock,Rappahannock County,VA
51159,37.94339092369013,-76.72687528478419,8889.0,0.0,Richmond,Richmond County,VA
51161,37.26928253684925,-80.06802315068605,93939.0,0.0,Roanoke,Roanoke County,VA
51163,37.81452040070432,-79.44727124400164,22668.0,0.0,Rockbridge,Rockbridge County,VA
51165,38.51203198539664,-78.87575753162899,80397.0,0.0,Rockingham,Rockingham County,VA
51167,36.93385783063372,-82.0953731775639,27046.0,0.0,Russell,Russell County,VA
51169,36.71428215673363,-82.60294508552516,21893.0,0.0,Scott,Scott County,VA
51171,38.85832684037051,-78.57084234551893,43276.0,0.0,Shenandoah,Shenandoah County,VA
51173,36.843752858340565,-81.5369738522407,30731.0,0.0,Smyth,Smyth County,VA
51175,36.72042800685932,-77.10609527210656,17841.0,0.0,Southampton,Southampton County,VA
51177,38.184958483144776,-77.65602813342596,132739.0,0.0,Spotsylvania,Spotsylvania County,VA
51179,38.42070572400786,-77.45800968288553,146792.0,0.0,Stafford,Stafford County,VA
51181,37.10983532077747,-76.9001978130617,6503.0,0.0,Surry,Surry County,VA
51183,36.9217767465216,-77.26181120752872,11379.0,0.0,Sussex,Sussex County,VA
51185,37.12495418287823,-81.56059250108807,41303.0,0.0,Tazewell,Tazewell County,VA
51187,38.90866313858494,-78.2084621516532,39409.0,0.0,Warren,Warren County,VA
51191,36.72444554141891,-81.95982583771487,54179.0,0.0,Washington,Washington County,VA
51193,38.11195855636311,-76.80422114134399,17725.0,0.0,Westmoreland,Westmoreland County,VA
51195,36.975241334396046,-82.6211995548559,38574.0,0.0,Wise,Wise County,VA
51197,36.917103127192505,-81.07870860872077,28829.0,0.0,Wythe,Wythe County,VA
51199,37.24317116700355,-76.56356545887735,68022.0,0.0,York,York County,VA
51510,38.81850173997893,-77.08612794418848,159215.0,0.0,Alexandria,Alexandria city,VA
51520,36.61793630672688,-82.16071245276714,16880.0,0.0,Bristol,Bristol city,VA
51530,37.73189978198598,-79.35690073253444,6482.0,0.0,Buena Vista,Buena Vista city,VA
51540,38.037494619289966,-78.48551676612755,47463.0,0.0,Charlottesville,Charlottesville city,VA
51550,36.67779364414801,-76.30238059596589,240143.0,1.0,Chesapeake,Chesapeake city,VA
51570,37.26500302972458,-77.39689481740234,17424.0,0.0,Colonial Heights,Colonial Heights city,VA
51580,37.77855458510812,-79.98678445786717,5576.0,0.0,Covington,Covington city,VA
51590,36.58308138051033,-79.40875897959219,41044.0,0.0,Danville,Danville city,VA
51595,36.69533169392152,-77.53557986464612,5467.0,0.0,Emporia,Emporia city,VA
51600,38.85309717563434,-77.29973705963951,23435.0,0.0,Fairfax,Fairfax city,VA
51610,38.88465380826196,-77.1750616981679,14245.0,0.0,Falls Church,Falls Church city,VA
51620,36.6830863011316,-76.93860798955753,8145.0,0.0,Franklin,Franklin city,VA
51630,38.2992136087805,-77.48718221851475,28498.0,0.0,Fredericksburg,Fredericksburg city,VA
51640,36.66600661421623,-80.91760377423459,6484.0,0.0,Galax,Galax city,VA
51650,37.05508966362293,-76.36291986327277,134725.0,1.0,Hampton,Hampton city,VA
51660,38.43620462478154,-78.87345336161451,53644.0,0.0,Harrisonburg,Harrisonburg city,VA
51670,37.29138249550084,-77.29851912631254,22505.0,0.0,Hopewell,Hopewell city,VA
51678,37.7825062536846,-79.44398355045766,7154.0,0.0,Lexington,Lexington city,VA
51680,37.40028218113217,-79.19084918024978,80523.0,0.0,Lynchburg,Lynchburg city,VA
51683,38.7478926461206,-77.48386027167422,41141.0,0.0,Manassas,Manassas city,VA
51685,38.77186514658517,-77.4450011113704,17149.0,0.0,Manassas Park,Manassas Park city,VA
51690,36.6826522052468,-79.86362136573443,12823.0,0.0,Martinsville,Martinsville city,VA
51700,37.10514685649804,-76.51847612115736,179447.0,1.0,Newport News,Newport News city,VA
51710,36.89452178760413,-76.25901670410337,244543.0,1.0,Norfolk,Norfolk city,VA
51720,36.93141389321246,-82.62619529736219,3918.0,0.0,Norton,Norton city,VA
51730,37.20429227754406,-77.39131719785574,31137.0,0.0,Petersburg,Petersburg city,VA
51735,37.131785050952764,-76.3568684933514,12039.0,0.0,Poquoson,Poquoson city,VA
51740,36.846838919999634,-76.35404272814746,94838.0,1.0,Portsmouth,Portsmouth city,VA
51750,37.12289504391658,-80.5587491012701,17484.0,0.0,Radford,Radford city,VA
51760,37.52945396408576,-77.47556512861703,227230.0,0.0,Richmond,Richmond city,VA
51770,37.27848032789163,-79.95802302921454,98986.0,0.0,Roanoke,Roanoke city,VA
51775,37.28642819520783,-80.05545020153355,25373.0,0.0,Salem,Salem city,VA
51790,38.15929241527403,-79.06113614773854,24325.0,0.0,Staunton,Staunton city,VA
51800,36.6953100416662,-76.63984248457409,90108.0,0.0,Suffolk,Suffolk city,VA
51810,36.73353798092835,-76.0434854786099,449896.0,1.0,Virginia Beach,Virginia Beach city,VA
51820,38.06741002962587,-78.90134485657701,22242.0,0.0,Waynesboro,Waynesboro city,VA
51830,37.26925262398797,-76.70759129269557,14994.0,0.0,Williamsburg,Williamsburg city,VA
51840,39.17350488397971,-78.17461613451762,28178.0,0.0,Winchester,Winchester city,VA
53001,46.98338326668195,-118.5605789653926,19651.0,0.0,Adams,Adams County,WA
53003,46.191820005779526,-117.20301777554876,22509.0,0.0,Asotin,Asotin County,WA
53005,46.23980804608087,-119.51121769291628,198200.0,0.0,Benton,Benton County,WA
53007,47.8692204630274,-120.61897118627802,76298.0,1.0,Chelan,Chelan County,WA
53009,48.04932235665534,-123.92799731862122,75637.0,0.0,Clallam,Clallam County,WA
53011,45.77925263180576,-122.48246349751322,474381.0,1.0,Clark,Clark County,WA
53013,46.29752640636587,-117.90777481962736,4002.0,0.0,Columbia,Columbia County,WA
53015,46.193241505903366,-122.68100061633196,106805.0,1.0,Cowlitz,Cowlitz County,WA
53017,47.73610497913096,-119.69178916205226,42027.0,0.0,Douglas,Douglas County,WA
53019,48.47029203904367,-118.51658868632484,7576.0,0.0,Ferry,Ferry County,WA
53021,46.53472847692741,-118.89896922710624,91896.0,0.0,Franklin,Franklin County,WA
53023,46.43162398340356,-117.54515999327066,2215.0,0.0,Garfield,Garfield County,WA
53025,47.20568032140432,-119.45175617151725,95357.0,0.0,Grant,Grant County,WA
53027,47.150256706616695,-123.7735238022444,72490.0,1.0,Grays Harbor,Grays Harbor County,WA
53029,48.16300496889937,-122.54807175807107,83250.0,0.0,Island,Island County,WA
53031,47.74889230505432,-123.5952367221498,31210.0,1.0,Jefferson,Jefferson County,WA
53033,47.490248918736974,-121.80523378091124,2203836.0,1.0,King,King County,WA
53035,47.61316585693269,-122.67172145932408,266289.0,1.0,Kitsap,Kitsap County,WA
53037,47.12439944122107,-120.67988039172944,46176.0,1.0,Kittitas,Kittitas County,WA
53039,45.87380585747051,-120.78912607926492,21751.0,0.0,Klickitat,Klickitat County,WA
53041,46.57777266460874,-122.39267373372417,78320.0,1.0,Lewis,Lewis County,WA
53043,47.5762621018189,-118.41873240344329,10585.0,0.0,Lincoln,Lincoln County,WA
53045,47.34839090607953,-123.19272205366366,63740.0,1.0,Mason,Mason County,WA
53047,48.54879246557976,-119.7408358861815,41915.0,0.0,Okanogan,Okanogan County,WA
53049,46.55568949322814,-123.70413008574678,21742.0,1.0,Pacific,Pacific County,WA
53051,48.53229304731611,-117.27399511451593,13358.0,0.0,Pend Oreille,Pend Oreille County,WA
53053,47.02409263859816,-122.10455821551204,879654.0,1.0,Pierce,Pierce County,WA
53055,48.57819131372917,-122.96496943944472,16729.0,0.0,San Juan,San Juan County,WA
53057,48.47937122842843,-121.73018029479596,125860.0,1.0,Skagit,Skagit County,WA
53059,46.02304182365537,-121.91471320147544,11809.0,1.0,Skamania,Skamania County,WA
53061,48.047474674202725,-121.69749246634076,802089.0,1.0,Snohomish,Snohomish County,WA
53063,47.62066364240778,-117.40403545540067,505623.0,0.0,Spokane,Spokane County,WA
53065,48.39910024551519,-117.85516083514312,44636.0,0.0,Stevens,Stevens County,WA
53067,46.92577228125322,-122.8331858852321,280269.0,1.0,Thurston,Thurston County,WA
53069,46.29176799854425,-123.424417256616,4251.0,1.0,Wahkiakum,Wahkiakum County,WA
53071,46.22977302689429,-118.47844012782927,60512.0,0.0,Walla Walla,Walla Walla County,WA
53073,48.82590864848823,-121.7198920469165,221410.0,1.0,Whatcom,Whatcom County,WA
53075,46.90117385724403,-117.52302569495816,49382.0,0.0,Whitman,Whitman County,WA
53077,46.45707681335365,-120.7384489524904,249922.0,1.0,Yakima,Yakima County,WA
54001,39.132951999099845,-80.0030106743302,16515.0,0.0,Barbour,Barbour County,WV
54003,39.46406972847035,-78.02751512003769,115073.0,0.0,Berkeley,Berkeley County,WV
54005,38.022990373484966,-81.71120729032198,22369.0,0.0,Boone,Boone County,WV
54007,38.69986197018825,-80.71924905489531,14217.0,0.0,Braxton,Braxton County,WV
54009,40.27386886575435,-80.57645212996572,22373.0,1.0,Brooke,Brooke County,WV
54011,38.42030549280671,-82.24171172018873,94452.0,0.0,Cabell,Cabell County,WV
54013,38.8445322663823,-81.11757809765486,7310.0,0.0,Calhoun,Calhoun County,WV
54015,38.46252360163074,-81.07507164921097,8693.0,0.0,Clay,Clay County,WV
54017,39.26917420746985,-80.70697262789982,8518.0,0.0,Doddridge,Doddridge County,WV
54019,38.02877224619761,-81.08115773300844,43607.0,0.0,Fayette,Fayette County,WV
54021,38.92405121489159,-80.8570670198605,8042.0,0.0,Gilmer,Gilmer County,WV
54023,39.10513649722196,-79.1955945864881,11627.0,0.0,Grant,Grant County,WV
54025,37.9469566266492,-80.45299405478322,35208.0,0.0,Greenbrier,Greenbrier County,WV
54027,39.31707457776995,-78.6141130679786,23386.0,0.0,Hampshire,Hampshire County,WV
54029,40.52186152733723,-80.57389981356091,29383.0,1.0,Hancock,Hancock County,WV
54031,39.00753398287137,-78.8579484561087,13849.0,0.0,Hardy,Hardy County,WV
54033,39.28352878747113,-80.37985613605596,67905.0,0.0,Harrison,Harrison County,WV
54035,38.83448426304082,-81.67480250322768,28908.0,0.0,Jackson,Jackson County,WV
54037,39.30757780182349,-77.8627969887457,56444.0,0.0,Jefferson,Jefferson County,WV
54039,38.336568056744376,-81.52809015026358,183385.0,0.0,Kanawha,Kanawha County,WV
54041,38.99586617206028,-80.50217372377071,16178.0,0.0,Lewis,Lewis County,WV
54043,38.175350299985546,-82.07039064378063,20872.0,0.0,Lincoln,Lincoln County,WV
54045,37.83153306103191,-81.93533062887134,33028.0,0.0,Logan,Logan County,WV
54047,37.37845762360338,-81.65360619774005,18505.0,0.0,McDowell,McDowell County,WV
54049,39.510000212888784,-80.243388182962,56349.0,0.0,Marion,Marion County,WV
54051,39.86059882425444,-80.66340418865589,31252.0,1.0,Marshall,Marshall County,WV
54053,38.769721069920365,-82.02656336987268,26806.0,0.0,Mason,Mason County,WV
54055,37.40551215420604,-81.1114384586715,59869.0,0.0,Mercer,Mercer County,WV
54057,39.414658972566215,-78.94382514401745,27223.0,0.0,Mineral,Mineral County,WV
54059,37.7264534287518,-82.13463302358711,24142.0,0.0,Mingo,Mingo County,WV
54061,39.630321599046056,-80.04655657446537,105782.0,1.0,Monongalia,Monongalia County,WV
54063,37.56038112096631,-80.5505106435189,13382.0,0.0,Monroe,Monroe County,WV
54065,39.56043901317389,-78.25780243867652,17716.0,0.0,Morgan,Morgan County,WV
54067,38.29170143976418,-80.79939470503643,25125.0,0.0,Nicholas,Nicholas County,WV
54069,40.09694844943342,-80.61891678345728,42001.0,1.0,Ohio,Ohio County,WV
54071,38.68074812184639,-79.35089252640529,6973.0,0.0,Pendleton,Pendleton County,WV
54073,39.370953474871285,-81.16060965306416,7455.0,0.0,Pleasants,Pleasants County,WV
54075,38.33179507217753,-80.00778305153358,8493.0,0.0,Pocahontas,Pocahontas County,WV
54077,39.4693280307166,-79.668160460743,33826.0,1.0,Preston,Preston County,WV
54079,38.50861727387481,-81.90899010651569,56692.0,0.0,Putnam,Putnam County,WV
54081,37.77136048523734,-81.24864989125038,75066.0,0.0,Raleigh,Raleigh County,WV
54083,38.774753227477866,-79.87578776952434,28894.0,0.0,Randolph,Randolph County,WV
54085,39.1782581355494,-81.06297882124215,9851.0,0.0,Ritchie,Ritchie County,WV
54087,38.71402286076782,-81.3483514097386,14004.0,0.0,Roane,Roane County,WV
54089,37.655864503003016,-80.85856380527156,12882.0,0.0,Summers,Summers County,WV
54091,39.335980079006696,-80.04618853706661,16914.0,0.0,Taylor,Taylor County,WV
54093,39.11359283349716,-79.56498524121163,6992.0,0.0,Tucker,Tucker County,WV
54095,39.46527613189761,-80.88483911697806,8800.0,0.0,Tyler,Tyler County,WV
54097,38.89784927443076,-80.23343851668567,24555.0,0.0,Upshur,Upshur County,WV
54099,38.14600305282045,-82.426969408794,40215.0,0.0,Wayne,Wayne County,WV
54101,38.49470663934191,-80.42186515551768,8348.0,0.0,Webster,Webster County,WV
54103,39.605281187367616,-80.63911408266388,15433.0,1.0,Wetzel,Wetzel County,WV
54105,39.022446865899546,-81.37868924801539,5786.0,0.0,Wirt,Wirt County,WV
54107,39.21116505890544,-81.51503342124279,85060.0,0.0,Wood,Wood County,WV
54109,37.60961056994064,-81.54919022330822,21271.0,0.0,Wyoming,Wyoming County,WV
55001,43.96953787262208,-89.77038894464421,19900.0,0.0,Adams,Adams County,WI
55003,46.31608492889003,-90.67794382155678,15501.0,0.0,Ashland,Ashland County,WI
55005,45.42369224106138,-91.8483164766263,45141.0,0.0,Barron,Barron County,WI
55007,46.52376232321811,-91.20078815611456,15006.0,0.0,Bayfield,Bayfield County,WI
55009,44.45294303999047,-88.00373326610256,261762.0,1.0,Brown,Brown County,WI
55011,44.37983028517872,-91.7544573325596,13105.0,1.0,Buffalo,Buffalo County,WI
55013,45.86267080667754,-92.36757850869178,15295.0,0.0,Burnett,Burnett County,WI
55015,44.081603799979945,-88.21805731826174,49995.0,1.0,Calumet,Calumet County,WI
55017,45.06941867855532,-91.27985044051393,63747.0,0.0,Chippewa,Chippewa County,WI
55019,44.73473739535,-90.61207260008888,34571.0,0.0,Clark,Clark County,WI
55021,43.466635370559054,-89.33374133687808,57244.0,0.0,Columbia,Columbia County,WI
55023,43.23946914047981,-90.93104383732364,16199.0,0.0,Crawford,Crawford County,WI
55025,43.067309433729285,-89.41814366436925,537453.0,0.0,Dane,Dane County,WI
55027,43.41629514406726,-88.70752149389921,87705.0,0.0,Dodge,Dodge County,WI
55029,44.947299531983504,-87.31350391159413,27454.0,0.0,Door,Door County,WI
55031,46.43287459812776,-91.91616249401989,43328.0,1.0,Douglas,Douglas County,WI
55033,44.94656407986568,-91.89641196902473,44714.0,0.0,Dunn,Dunn County,WI
55035,44.72677990588897,-91.28597595300292,103582.0,0.0,Eau Claire,Eau Claire County,WI
55037,45.84848122179401,-88.39814372426892,4335.0,0.0,Florence,Florence County,WI
55039,43.753584047845536,-88.48825558185527,102417.0,0.0,Fond du Lac,Fond du Lac County,WI
55041,45.66734394048643,-88.77042842666883,8969.0,0.0,Forest,Forest County,WI
55043,42.86747902517797,-90.70620377817302,51728.0,0.0,Grant,Grant County,WI
55045,42.679980321761725,-89.60221229337459,36877.0,0.0,Green,Green County,WI
55047,43.80040306503808,-89.0448703107079,18720.0,0.0,Green Lake,Green Lake County,WI
55049,43.00047920763152,-90.1353744179444,23676.0,0.0,Iowa,Iowa County,WI
55051,46.26226572407372,-90.24206338908785,5675.0,0.0,Iron,Iron County,WI
55053,44.319165017141714,-90.80524566763958,20485.0,0.0,Jackson,Jackson County,WI
55055,43.02082718281924,-88.77588521266705,84733.0,0.0,Jefferson,Jefferson County,WI
55057,43.92459548546687,-90.1137711705722,26460.0,0.0,Juneau,Juneau County,WI
55059,42.57692384738422,-88.04236246947765,168356.0,0.0,Kenosha,Kenosha County,WI
55061,44.516077418385045,-87.61528376530836,20401.0,1.0,Kewaunee,Kewaunee County,WI
55063,43.90657676694847,-91.1152155366388,118033.0,0.0,La Crosse,La Crosse County,WI
55065,42.66048897098395,-90.13170151157294,16689.0,0.0,Lafayette,Lafayette County,WI
55067,45.26233105087229,-89.07189624905966,19175.0,0.0,Langlade,Langlade County,WI
55069,45.33743738517497,-89.73459923523941,27751.0,0.0,Lincoln,Lincoln County,WI
55071,44.11993001771238,-87.80966655483194,79099.0,1.0,Manitowoc,Manitowoc County,WI
55073,44.89829578408296,-89.75908871900589,135452.0,0.0,Marathon,Marathon County,WI
55075,45.38294065232137,-88.03328765829562,40300.0,0.0,Marinette,Marinette County,WI
55077,43.81955740164394,-89.3987265981915,15280.0,0.0,Marquette,Marquette County,WI
55078,45.004377507545776,-88.71004181065354,4599.0,0.0,Menominee,Menominee County,WI
55079,43.007169163100464,-87.96653898470261,950172.0,1.0,Milwaukee,Milwaukee County,WI
55081,43.94574597770597,-90.61779595004448,45715.0,0.0,Monroe,Monroe County,WI
55083,45.02617111258699,-88.26921117519439,37531.0,1.0,Oconto,Oconto County,WI
55085,45.70554428014586,-89.52181865882946,35236.0,0.0,Oneida,Oneida County,WI
55087,44.41609215116357,-88.46494824443415,185816.0,1.0,Outagamie,Outagamie County,WI
55089,43.38403036793126,-87.95090499293389,88443.0,1.0,Ozaukee,Ozaukee County,WI
55091,44.582924469155856,-92.00153353520687,7246.0,0.0,Pepin,Pepin County,WI
55093,44.71962819249655,-92.42241584556176,42016.0,0.0,Pierce,Pierce County,WI
55095,45.46141913098384,-92.44134510238848,43397.0,0.0,Polk,Polk County,WI
55097,44.47603950032224,-89.50139269764553,70565.0,0.0,Portage,Portage County,WI
55099,45.68039293098059,-90.36139794566418,13380.0,0.0,Price,Price County,WI
55101,42.74748617550275,-88.06109848807141,195825.0,0.0,Racine,Racine County,WI
55103,43.375633756395125,-90.4294803403168,17517.0,0.0,Richland,Richland County,WI
55105,42.6712292184552,-89.07157737403621,162205.0,0.0,Rock,Rock County,WI
55107,45.47515315874677,-91.13315396155232,14148.0,0.0,Rusk,Rusk County,WI
55109,45.03406899309514,-92.45279286912915,88560.0,0.0,St. Croix,St. Croix County,WI
55111,43.42666572611982,-89.94822461263067,63967.0,0.0,Sauk,Sauk County,WI
55113,45.87998691288256,-91.1445415423414,16367.0,0.0,Sawyer,Sawyer County,WI
55115,44.78914491333646,-88.76540059120072,40846.0,1.0,Shawano,Shawano County,WI
55117,43.72117581936786,-87.94536654571668,115089.0,0.0,Sheboygan,Sheboygan County,WI
55119,45.21158837092099,-90.50122803218896,20314.0,0.0,Taylor,Taylor County,WI
55121,44.30396931197082,-91.35845809452228,29372.0,0.0,Trempealeau,Trempealeau County,WI
55123,43.59387261396278,-90.83441175935306,30702.0,0.0,Vernon,Vernon County,WI
55125,46.05290289383194,-89.51482820728434,21684.0,0.0,Vilas,Vilas County,WI
55127,42.66849083886432,-88.5419371055673,102850.0,0.0,Walworth,Walworth County,WI
55129,45.89922932025042,-91.7912207884172,15739.0,0.0,Washburn,Washburn County,WI
55131,43.3684743440926,-88.23072400046576,134930.0,1.0,Washington,Washington County,WI
55133,43.01822213105306,-88.30452397585906,400899.0,1.0,Waukesha,Waukesha County,WI
55135,44.47048900926386,-88.96478756546097,51118.0,0.0,Waupaca,Waupaca County,WI
55137,44.11312961763343,-89.24289727619778,24193.0,0.0,Waushara,Waushara County,WI
55139,44.06888990598362,-88.64464870306134,170394.0,0.0,Winnebago,Winnebago County,WI
55141,44.45533886134053,-90.04156558640537,73038.0,0.0,Wood,Wood County,WI
56001,41.65457623486263,-105.72378253206328,38459.0,0.0,Albany,Albany County,WY
56003,44.52679482722362,-107.99519968438008,11859.0,0.0,Big Horn,Big Horn County,WY
56005,44.24825817381533,-105.54821534592548,46402.0,0.0,Campbell,Campbell County,WY
56007,41.694327084322246,-106.9306851976555,15252.0,0.0,Carbon,Carbon County,WY
56009,42.97232382793592,-105.50716321915245,13733.0,0.0,Converse,Converse County,WY
56011,44.58847998055468,-104.56996723188551,7397.0,0.0,Crook,Crook County,WY
56013,43.04053939283302,-108.63045534478594,39818.0,0.0,Fremont,Fremont County,WY
56015,42.08790759922977,-104.353313363694,13361.0,0.0,Goshen,Goshen County,WY
56017,43.71894714626757,-108.44217896552314,4686.0,0.0,Hot Springs,Hot Springs County,WY
56019,44.03879908634799,-106.58467318800125,8447.0,0.0,Johnson,Johnson County,WY
56021,41.306901369167065,-104.68940432167147,98377.0,0.0,Laramie,Laramie County,WY
56023,42.263945715918986,-110.6559866764692,19278.0,0.0,Lincoln,Lincoln County,WY
56025,42.96206617429026,-106.79851476634674,79586.0,0.0,Natrona,Natrona County,WY
56027,43.05643659131197,-104.47540240216928,2392.0,0.0,Niobrara,Niobrara County,WY
56029,44.52057269833067,-109.58850115429397,29194.0,0.0,Park,Park County,WY
56031,42.13295420174779,-104.9659231812586,8541.0,0.0,Platte,Platte County,WY
56033,44.7900319847287,-106.87939938103256,30147.0,0.0,Sheridan,Sheridan County,WY
56035,42.76688913390455,-109.9146883968105,9745.0,0.0,Sublette,Sublette County,WY
56037,41.65953368768992,-108.87956293546812,43464.0,0.0,Sweetwater,Sweetwater County,WY
56039,43.93464529111503,-110.58980364584028,23384.0,0.0,Teton,Teton County,WY
56041,41.28764211347279,-110.54762783251432,20431.0,0.0,Uinta,Uinta County,WY
56043,43.90497138540408,-107.68282024593312,8010.0,0.0,Washakie,Washakie County,WY
56045,43.84039936833806,-104.56764358945784,6968.0,0.0,Weston,Weston County,WY
